試合日,年月,チーム,背番号,リベロ,名前,出場数,1,2,3,4,5,アタック打数,アタック得点,アタック失点,アタック決定率,アタック効果率,アタックセット平均,バックアタック打数,バックアタック得点,バックアタック失点,バックアタック決定率,ブロック得点,ブロックセット平均,サーブ打数,サーブ得点,サーブ失点,サーブ効果,サーブ効果率,受数,サーブレシーブ成功・優,サーブレシーブ成功・良,サーブレシーブ成功率
2019-11-23,2019-11,奈良ドリーマーズ,2,,言上真一,0,,,,,,0,0,0,,,-,0,0,0,-,0,-,0,0,0,0,-,0,0,0,-
2019-11-23,2019-11,奈良ドリーマーズ,3,,壇上正健,2,,,□,■,,4,0,0,0.0,0.0,-,0,0,0,-,0,-,1,0,1,0,-25.0,0,0,0,-
2019-11-23,2019-11,奈良ドリーマーズ,4,,下町浩二,0,,,,,,0,0,0,,,-,0,0,0,-,0,-,0,0,0,0,-,0,0,0,-
2019-11-23,2019-11,奈良ドリーマーズ,5,L,小寺秀哉,5,●,●,●,●,●,0,0,0,,,-,0,0,0,-,0,-,0,0,0,0,-,0,0,0,-
2019-11-23,2019-11,奈良ドリーマーズ,7,,有津翔太,5,■,■,■,■,■,25,13,3,0.52,0.4,2.60,0,0,0,-,1,0.20,16,0,2,2,0.0,0,0,0,-
2019-11-23,2019-11,奈良ドリーマーズ,9,,高橋和希,5,■,■,■,■,■,3,1,0,0.3333333333333333,0.3333333333333333,0.20,0,0,0,-,1,0.20,19,0,1,2,1.3,0,0,0,-
2019-11-23,2019-11,奈良ドリーマーズ,11,,後藤和志,0,,,,,,0,0,0,,,-,0,0,0,-,0,-,0,0,0,0,-,0,0,0,-
2019-11-23,2019-11,奈良ドリーマーズ,12,,川村幸司,5,■,■,■,■,■,30,15,2,0.5,0.43333333333333335,3.00,3,1,0,33.3,1,0.20,17,0,1,5,5.9,22,7,4,40.9
2019-11-23,2019-11,奈良ドリーマーズ,14,,杉谷祐磨,1,,□,,,,0,0,0,,,-,0,0,0,-,0,-,1,0,1,0,-25.0,0,0,0,-
2019-11-23,2019-11,奈良ドリーマーズ,15,,上竣,5,■,■,■,■,■,36,21,2,0.5833333333333334,0.5277777777777778,4.20,15,10,2,66.7,0,-,17,1,7,3,0.0,1,0,0,0.0
2019-11-23,2019-11,奈良ドリーマーズ,16,,片野坂拓人,5,■,■,■,■,■,39,21,7,0.5384615384615384,0.35897435897435903,4.20,9,2,3,22.2,1,0.20,18,0,3,3,0.0,37,27,2,75.7
2019-11-23,2019-11,奈良ドリーマーズ,17,,碩幸輝,5,■,■,■,□,■,9,2,0,0.2222222222222222,0.2222222222222222,0.40,0,0,0,-,1,0.20,15,0,1,3,3.3,0,0,0,-
2019-11-23,2019-11,奈良ドリーマーズ,18,,南本大貴,1,,,,□,,0,0,0,,,-,0,0,0,-,0,-,3,0,0,0,0.0,0,0,0,-
2019-11-23,2019-11,奈良ドリーマーズ,19,L,石渡瑛法,5,〇,〇,〇,〇,〇,0,0,0,,,-,0,0,0,-,0,-,0,0,0,0,-,20,12,4,70.0
2019-11-23,2019-11,サフィルヴァ北海道,1,,青島賢司,3,,□,,□,□,0,0,0,,,-,0,0,0,-,0,-,3,0,0,1,8.3,0,0,0,-
2019-11-23,2019-11,サフィルヴァ北海道,2,L,神園時,5,●,●,●,●,●,0,0,0,,,-,0,0,0,-,0,-,0,0,0,0,-,25,13,6,64.0
2019-11-23,2019-11,サフィルヴァ北海道,3,,河西智洋,5,■,■,■,■,■,39,12,2,0.3076923076923077,0.2564102564102564,2.40,7,2,1,28.6,0,-,22,1,7,6,3.4,37,23,9,74.3
2019-11-23,2019-11,サフィルヴァ北海道,4,,奥田基嗣,5,■,■,■,■,■,16,9,1,0.5625,0.5,1.80,0,0,0,-,3,0.60,12,1,2,2,8.3,0,0,0,-
2019-11-23,2019-11,サフィルヴァ北海道,5,,吉田康祐,2,□,,□,,,4,0,0,0.0,0.0,-,0,0,0,-,0,-,0,0,0,0,-,0,0,0,-
2019-11-23,2019-11,サフィルヴァ北海道,7,,笠原佑斗,5,■,■,■,■,■,14,7,0,0.5,0.5,1.40,0,0,0,-,4,0.80,15,0,0,3,5.0,0,0,0,-
2019-11-23,2019-11,サフィルヴァ北海道,8,,清水久雄,3,■,■,■,,,1,1,0,1.0,1.0,0.33,0,0,0,-,0,-,7,0,0,1,3.6,0,0,0,-
2019-11-23,2019-11,サフィルヴァ北海道,9,,小林洸,5,■,■,■,■,■,33,13,3,0.3939393939393939,0.30303030303030304,2.60,11,3,1,27.3,0,-,16,3,4,4,18.8,0,0,0,-
2019-11-23,2019-11,サフィルヴァ北海道,10,,三浦拓,0,,,,,,0,0,0,,,-,0,0,0,-,0,-,0,0,0,0,-,0,0,0,-
2019-11-23,2019-11,サフィルヴァ北海道,11,,十良澤太一,4,□,,□,■,■,0,0,0,,,-,0,0,0,-,0,-,7,1,0,2,21.4,0,0,0,-
2019-11-23,2019-11,サフィルヴァ北海道,12,L,白戸謙伸,0,,,,,,0,0,0,,,-,0,0,0,-,0,-,0,0,0,0,-,0,0,0,-
2019-11-23,2019-11,サフィルヴァ北海道,14,,山口拓馬,0,,,,,,0,0,0,,,-,0,0,0,-,0,-,0,0,0,0,-,0,0,0,-
2019-11-23,2019-11,サフィルヴァ北海道,15,,河西孔明,1,,,,,□,0,0,0,,,-,0,0,0,-,0,-,0,0,0,0,-,1,0,1,50.0
2019-11-23,2019-11,サフィルヴァ北海道,17,,森元貴哉,5,■,■,■,■,■,24,12,0,0.5,0.5,2.40,7,3,0,42.9,1,0.20,19,0,5,4,-1.3,27,13,6,59.3
2019-11-23,2019-11,近畿クラブスフィーダ,1,,山本映樹,3,■,■,■,,,10,5,0,0.5,0.5,1.67,0,0,0,-,2,0.67,12,0,1,2,2.1,0,0,0,-
2019-11-23,2019-11,近畿クラブスフィーダ,3,,河戸俊亮,3,■,■,■,,,7,3,1,0.42857142857142855,0.2857142857142857,1.00,0,0,0,-,1,0.33,4,0,0,1,6.2,0,0,0,-
2019-11-23,2019-11,近畿クラブスフィーダ,4,,北村將,3,■,■,■,,,29,14,2,0.4827586206896552,0.4137931034482759,4.67,0,0,0,-,2,0.67,10,0,0,2,5.0,33,18,7,65.2
2019-11-23,2019-11,近畿クラブスフィーダ,8,,中谷芹,0,,,,,,0,0,0,,,-,0,0,0,-,0,-,0,0,0,0,-,0,0,0,-
2019-11-23,2019-11,近畿クラブスフィーダ,11,,本多駿,3,■,■,■,,,34,17,5,0.5,0.35294117647058826,5.67,6,3,2,50.0,1,0.33,17,0,2,2,0.0,2,0,2,50.0
2019-11-23,2019-11,近畿クラブスフィーダ,12,,中田雄大,3,■,■,■,,,0,0,0,,,-,0,0,0,-,0,-,12,0,2,0,-4.2,0,0,0,-
2019-11-23,2019-11,近畿クラブスフィーダ,13,,那須野裕進,3,■,■,■,,,9,4,0,0.4444444444444444,0.4444444444444444,1.33,0,0,0,-,2,0.67,11,0,0,4,9.1,0,0,0,-
2019-11-23,2019-11,近畿クラブスフィーダ,15,,久門伸司,2,□,□,,,,0,0,0,,,-,0,0,0,-,0,-,0,0,0,1,-,1,0,0,0.0
2019-11-23,2019-11,近畿クラブスフィーダ,16,L,大原悠,3,●,●,●,,,0,0,0,,,-,0,0,0,-,0,-,0,0,0,0,-,22,12,4,63.6
2019-11-23,2019-11,近畿クラブスフィーダ,17,,帖佐力弥,3,□,□,□,,,0,0,0,,,-,0,0,0,-,0,-,3,0,0,0,0.0,0,0,0,-
2019-11-23,2019-11,近畿クラブスフィーダ,23,,井上尚人,1,,,□,,,0,0,0,,,-,0,0,0,-,0,-,0,0,0,0,-,0,0,0,-
2019-11-23,2019-11,近畿クラブスフィーダ,27,,吉良悠飛,3,□,□,□,,,0,0,0,,,-,0,0,0,-,0,-,4,0,1,1,0.0,0,0,0,-
2019-11-23,2019-11,トヨタモビリティ東京スパークル,1,,岩阪健太郎,3,■,■,■,,,15,8,1,0.5333333333333333,0.4666666666666667,2.67,0,0,0,-,1,0.33,8,0,1,1,0.0,0,0,0,-
2019-11-23,2019-11,トヨタモビリティ東京スパークル,2,,為我井太也,3,■,■,■,,,4,4,0,1.0,1.0,1.33,0,0,0,-,1,0.33,7,0,3,1,-7.1,0,0,0,-
2019-11-23,2019-11,トヨタモビリティ東京スパークル,4,,西河孝太,3,■,■,■,,,32,11,3,0.34375,0.25,3.67,4,1,0,25.0,0,-,15,0,2,2,0.0,30,18,6,70.0
2019-11-23,2019-11,トヨタモビリティ東京スパークル,5,L,峰尾拓,3,●,●,●,,,0,0,0,,,-,0,0,0,-,0,-,0,0,0,0,-,22,17,4,86.4
2019-11-23,2019-11,トヨタモビリティ東京スパークル,6,,大貫智博,2,,□,■,,,2,1,1,0.5,0.0,0.50,0,0,0,-,0,-,1,0,0,1,25.0,0,0,0,-
2019-11-23,2019-11,トヨタモビリティ東京スパークル,7,,石井琢也,3,■,■,■,,,42,15,3,0.35714285714285715,0.2857142857142857,5.00,2,1,0,50.0,1,0.33,10,0,0,2,5.0,14,6,4,57.1
2019-11-23,2019-11,トヨタモビリティ東京スパークル,8,,西片圭佑,1,■,,,,,5,2,0,0.4,0.4,2.00,0,0,0,-,0,-,2,0,0,0,0.0,0,0,0,-
2019-11-23,2019-11,トヨタモビリティ東京スパークル,9,,大楽祥生,2,□,■,,,,7,0,0,0.0,0.0,-,1,0,0,0.0,0,-,4,0,3,0,-18.8,0,0,0,-
2019-11-23,2019-11,トヨタモビリティ東京スパークル,13,,田中湧朔,3,□,□,□,,,0,0,0,,,-,0,0,0,-,0,-,4,0,2,0,-12.5,0,0,0,-
2019-11-23,2019-11,トヨタモビリティ東京スパークル,14,,岸海斗,1,,,□,,,0,0,0,,,-,0,0,0,-,0,-,1,0,0,0,0.0,0,0,0,-
2019-11-23,2019-11,トヨタモビリティ東京スパークル,21,,伊藤優介,3,■,■,■,,,9,6,1,0.6666666666666666,0.5555555555555556,2.00,0,0,0,-,2,0.67,16,1,0,8,18.8,1,0,0,0.0
2019-11-23,2019-11,トヨタモビリティ東京スパークル,22,,松枝寿明,0,,,,,,0,0,0,,,-,0,0,0,-,0,-,0,0,0,0,-,0,0,0,-
2019-11-23,2019-11,トヨタモビリティ東京スパークル,28,,槌尾健,1,,,□,,,0,0,0,,,-,0,0,0,-,0,-,1,0,0,0,0.0,0,0,0,-
2019-11-24,2019-11,奈良ドリーマーズ,2,,言上真一,0,,,,,,0,0,0,,,-,0,0,0,-,0,-,0,0,0,0,-,0,0,0,-
2019-11-24,2019-11,奈良ドリーマーズ,3,,壇上正健,0,,,,,,0,0,0,,,-,0,0,0,-,0,-,0,0,0,0,-,0,0,0,-
2019-11-24,2019-11,奈良ドリーマーズ,4,,下町浩二,0,,,,,,0,0,0,,,-,0,0,0,-,0,-,0,0,0,0,-,0,0,0,-
2019-11-24,2019-11,奈良ドリーマーズ,5,L,小寺秀哉,5,●,●,●,●,●,0,0,0,,,-,0,0,0,-,0,-,0,0,0,0,-,0,0,0,-
2019-11-24,2019-11,奈良ドリーマーズ,7,,有津翔太,5,■,■,■,■,■,25,16,2,0.64,0.56,3.20,1,0,0,0.0,4,0.80,14,2,2,4,17.9,1,0,1,50.0
2019-11-24,2019-11,奈良ドリーマーズ,9,,高橋和希,5,■,■,■,■,■,5,1,1,0.2,0.0,0.20,0,0,0,-,0,-,16,0,1,2,1.6,0,0,0,-
2019-11-24,2019-11,奈良ドリーマーズ,11,,後藤和志,1,□,,,,,1,1,0,1.0,1.0,1.00,1,1,0,100.0,0,-,2,0,1,0,-12.5,0,0,0,-
2019-11-24,2019-11,奈良ドリーマーズ,12,,川村幸司,5,■,■,■,■,■,31,14,1,0.4516129032258064,0.41935483870967744,2.80,7,3,0,42.9,3,0.60,15,1,1,5,13.3,38,15,15,59.2
2019-11-24,2019-11,奈良ドリーマーズ,14,,杉谷祐磨,3,□,,,□,□,0,0,0,,,-,0,0,0,-,0,-,3,0,2,0,-16.7,0,0,0,-
2019-11-24,2019-11,奈良ドリーマーズ,15,,上竣,5,■,■,■,■,■,23,10,2,0.43478260869565216,0.3478260869565217,2.00,13,7,0,53.8,2,0.40,17,2,6,6,11.8,0,0,0,-
2019-11-24,2019-11,奈良ドリーマーズ,16,,片野坂拓人,5,■,■,■,■,■,38,20,3,0.5263157894736842,0.4473684210526316,4.00,6,4,0,66.7,1,0.20,20,0,2,3,1.2,18,9,6,66.7
2019-11-24,2019-11,奈良ドリーマーズ,17,,碩幸輝,5,■,■,■,■,■,16,4,1,0.25,0.1875,0.80,0,0,0,-,3,0.60,20,1,0,5,11.2,0,0,0,-
2019-11-24,2019-11,奈良ドリーマーズ,18,,南本大貴,0,,,,,,0,0,0,,,-,0,0,0,-,0,-,0,0,0,0,-,0,0,0,-
2019-11-24,2019-11,奈良ドリーマーズ,19,L,石渡瑛法,5,〇,〇,〇,〇,〇,0,0,0,,,-,0,0,0,-,0,-,0,0,0,0,-,24,8,10,54.2
2019-11-24,2019-11,トヨタモビリティ東京スパークル,1,,岩阪健太郎,5,■,■,■,■,■,15,8,1,0.5333333333333333,0.4666666666666667,1.60,0,0,0,-,0,-,6,0,1,0,-4.2,0,0,0,-
2019-11-24,2019-11,トヨタモビリティ東京スパークル,2,,為我井太也,5,■,■,■,■,■,3,1,0,0.3333333333333333,0.3333333333333333,0.20,0,0,0,-,3,0.60,16,1,4,6,9.4,0,0,0,-
2019-11-24,2019-11,トヨタモビリティ東京スパークル,4,,西河孝太,5,■,■,■,■,■,37,14,4,0.3783783783783784,0.2702702702702703,2.80,1,1,0,100.0,1,0.20,19,0,1,2,1.3,56,16,23,49.1
2019-11-24,2019-11,トヨタモビリティ東京スパークル,5,L,峰尾拓,5,●,●,●,●,●,0,0,0,,,-,0,0,0,-,0,-,0,0,0,0,-,21,8,7,54.8
2019-11-24,2019-11,トヨタモビリティ東京スパークル,6,,大貫智博,4,□,,□,□,■,1,1,0,1.0,1.0,0.25,0,0,0,-,2,0.50,4,0,0,1,6.2,0,0,0,-
2019-11-24,2019-11,トヨタモビリティ東京スパークル,7,,石井琢也,5,■,■,■,■,■,38,17,3,0.4473684210526316,0.3684210526315789,3.40,3,2,0,66.7,1,0.20,10,0,0,2,5.0,6,4,2,83.3
2019-11-24,2019-11,トヨタモビリティ東京スパークル,8,,西片圭佑,5,□,□,□,■,■,9,4,0,0.4444444444444444,0.4444444444444444,0.80,5,2,0,40.0,0,-,13,0,1,4,5.8,1,0,1,50.0
2019-11-24,2019-11,トヨタモビリティ東京スパークル,9,,大楽祥生,2,,□,□,,,3,1,0,0.3333333333333333,0.3333333333333333,0.50,1,1,0,100.0,0,-,1,0,0,0,0.0,1,0,1,50.0
2019-11-24,2019-11,トヨタモビリティ東京スパークル,13,,田中湧朔,4,□,,□,□,□,0,0,0,,,-,0,0,0,-,0,-,4,0,1,0,-6.2,5,2,1,50.0
2019-11-24,2019-11,トヨタモビリティ東京スパークル,14,,岸海斗,4,■,■,■,■,,5,0,1,0.0,-0.2,-,0,0,0,-,2,0.50,10,1,3,1,5.0,0,0,0,-
2019-11-24,2019-11,トヨタモビリティ東京スパークル,21,,伊藤優介,3,■,■,■,,,15,8,0,0.5333333333333333,0.5333333333333333,2.67,2,1,0,50.0,0,-,10,0,1,1,0.0,0,0,0,-
2019-11-24,2019-11,トヨタモビリティ東京スパークル,22,,松枝寿明,0,,,,,,0,0,0,,,-,0,0,0,-,0,-,0,0,0,0,-,0,0,0,-
2019-11-24,2019-11,トヨタモビリティ東京スパークル,28,,槌尾健,2,,□,,□,,0,0,0,,,-,0,0,0,-,0,-,1,0,0,0,0.0,0,0,0,-
2019-11-24,2019-11,近畿クラブスフィーダ,1,,山本映樹,2,■,■,,,,10,4,2,0.4,0.2,2.00,1,1,0,100.0,0,-,5,0,1,1,0.0,1,0,1,50.0
2019-11-24,2019-11,近畿クラブスフィーダ,3,,河戸俊亮,5,■,■,■,■,■,13,7,2,0.5384615384615384,0.38461538461538464,1.40,1,1,0,100.0,6,1.20,13,0,0,4,7.7,0,0,0,-
2019-11-24,2019-11,近畿クラブスフィーダ,4,,北村將,5,■,■,■,■,■,49,20,1,0.4081632653061225,0.3877551020408163,4.00,0,0,0,-,3,0.60,17,0,1,2,1.5,50,23,13,59.0
2019-11-24,2019-11,近畿クラブスフィーダ,8,,中谷芹,4,,□,□,□,□,0,0,0,,,-,0,0,0,-,0,-,5,0,0,3,15.0,0,0,0,-
2019-11-24,2019-11,近畿クラブスフィーダ,11,,本多駿,5,■,■,■,■,■,38,12,3,0.3157894736842105,0.2368421052631579,2.40,6,2,2,33.3,1,0.20,23,1,2,6,8.7,7,1,1,21.4
2019-11-24,2019-11,近畿クラブスフィーダ,12,,中田雄大,5,■,■,■,■,■,1,1,0,1.0,1.0,0.20,0,0,0,-,1,0.20,20,0,2,6,5.0,0,0,0,-
2019-11-24,2019-11,近畿クラブスフィーダ,13,,那須野裕進,5,■,■,■,■,■,16,12,2,0.75,0.625,2.40,0,0,0,-,1,0.20,12,0,3,3,0.0,0,0,0,-
2019-11-24,2019-11,近畿クラブスフィーダ,15,,久門伸司,5,□,□,□,□,□,0,0,0,,,-,0,0,0,-,0,-,4,0,1,0,-6.2,3,1,1,50.0
2019-11-24,2019-11,近畿クラブスフィーダ,16,L,大原悠,5,●,●,●,●,●,0,0,0,,,-,0,0,0,-,0,-,0,0,0,0,-,24,13,7,68.8
2019-11-24,2019-11,近畿クラブスフィーダ,22,,中川郁也,0,,,,,,0,0,0,,,-,0,0,0,-,0,-,0,0,0,0,-,0,0,0,-
2019-11-24,2019-11,近畿クラブスフィーダ,23,,井上尚人,4,,□,■,■,■,8,3,0,0.375,0.375,0.75,0,0,0,-,0,-,10,0,2,5,7.5,0,0,0,-
2019-11-24,2019-11,近畿クラブスフィーダ,27,,吉良悠飛,5,□,□,□,□,□,0,0,0,,,-,0,0,0,-,0,-,7,0,0,2,7.1,0,0,0,-
2019-11-24,2019-11,サフィルヴァ北海道,1,,青島賢司,2,□,,,□,,0,0,0,,,-,0,0,0,-,0,-,2,0,1,0,-12.5,0,0,0,-
2019-11-24,2019-11,サフィルヴァ北海道,2,L,神園時,5,●,●,●,●,●,0,0,0,,,-,0,0,0,-,0,-,0,0,0,0,-,27,12,9,61.1
2019-11-24,2019-11,サフィルヴァ北海道,3,,河西智洋,5,■,■,■,■,■,42,13,3,0.30952380952380953,0.2380952380952381,2.60,5,0,1,0.0,1,0.20,21,0,7,3,-4.8,51,12,23,46.1
2019-11-24,2019-11,サフィルヴァ北海道,4,,奥田基嗣,5,■,■,■,■,■,24,14,2,0.5833333333333334,0.5,2.80,0,0,0,-,2,0.40,14,0,3,2,-1.8,0,0,0,-
2019-11-24,2019-11,サフィルヴァ北海道,5,,吉田康祐,5,□,□,■,□,□,8,7,0,0.875,0.875,1.40,0,0,0,-,0,-,4,0,1,0,-6.2,0,0,0,-
2019-11-24,2019-11,サフィルヴァ北海道,7,,笠原佑斗,4,■,■,,■,■,11,7,0,0.6363636363636364,0.6363636363636364,1.75,0,0,0,-,4,1.00,17,0,0,4,5.9,0,0,0,-
2019-11-24,2019-11,サフィルヴァ北海道,8,,清水久雄,4,■,■,,□,□,2,1,0,0.5,0.5,0.25,0,0,0,-,0,-,8,0,2,1,-3.1,0,0,0,-
2019-11-24,2019-11,サフィルヴァ北海道,9,,小林洸,5,■,■,□,■,■,26,9,4,0.3461538461538461,0.19230769230769232,1.80,3,0,2,0.0,1,0.20,9,0,3,2,-2.8,0,0,0,-
2019-11-24,2019-11,サフィルヴァ北海道,10,,三浦拓,0,,,,,,0,0,0,,,-,0,0,0,-,0,-,0,0,0,0,-,0,0,0,-
2019-11-24,2019-11,サフィルヴァ北海道,11,,十良澤太一,5,□,□,■,■,■,1,1,0,1.0,1.0,0.20,0,0,0,-,0,-,13,0,2,5,5.8,0,0,0,-
2019-11-24,2019-11,サフィルヴァ北海道,12,L,白戸謙伸,0,,,,,,0,0,0,,,-,0,0,0,-,0,-,0,0,0,0,-,0,0,0,-
2019-11-24,2019-11,サフィルヴァ北海道,14,,山口拓馬,2,,□,■,,,8,3,2,0.375,0.125,1.50,1,1,0,100.0,0,-,4,0,1,2,6.2,0,0,0,-
2019-11-24,2019-11,サフィルヴァ北海道,15,,河西孔明,0,,,,,,0,0,0,,,-,0,0,0,-,0,-,0,0,0,0,-,0,0,0,-
2019-11-24,2019-11,サフィルヴァ北海道,17,,森元貴哉,5,■,■,■,■,■,46,19,4,0.4130434782608696,0.32608695652173914,3.80,10,4,2,40.0,2,0.40,19,1,6,5,3.9,26,6,11,44.2
2019-12-07,2019-12,近畿クラブスフィーダ,3,,河戸俊亮,4,■,■,■,■,,14,9,1,0.6428571428571429,0.5714285714285714,2.25,0,0,0,-,5,1.25,10,0,1,2,2.5,0,0,0,-
2019-12-07,2019-12,近畿クラブスフィーダ,4,,北村將,4,■,■,■,■,,24,7,2,0.2916666666666667,0.2083333333333333,1.75,0,0,0,-,4,1.00,20,0,0,8,10.0,23,9,9,58.7
2019-12-07,2019-12,近畿クラブスフィーダ,8,,中谷芹,1,,,,□,,0,0,0,,,-,0,0,0,-,0,-,1,0,0,0,0.0,0,0,0,-
2019-12-07,2019-12,近畿クラブスフィーダ,10,,上山太樹,3,,□,□,□,,0,0,0,,,-,0,0,0,-,0,-,3,0,0,2,16.7,0,0,0,-
2019-12-07,2019-12,近畿クラブスフィーダ,11,,本多駿,4,■,■,■,■,,47,19,5,0.40425531914893614,0.2978723404255319,4.75,6,2,1,33.3,6,1.50,17,2,3,2,10.3,0,0,0,-
2019-12-07,2019-12,近畿クラブスフィーダ,12,,中田雄大,4,■,■,■,■,,1,0,0,0.0,0.0,-,0,0,0,-,0,-,15,0,1,2,1.7,0,0,0,-
2019-12-07,2019-12,近畿クラブスフィーダ,13,,那須野裕進,4,■,■,■,■,,20,9,1,0.45,0.4,2.25,0,0,0,-,5,1.25,9,0,1,1,0.0,0,0,0,-
2019-12-07,2019-12,近畿クラブスフィーダ,15,L,久門伸司,4,●,●,●,●,,0,0,0,,,-,0,0,0,-,0,-,0,0,0,0,-,44,14,11,44.3
2019-12-07,2019-12,近畿クラブスフィーダ,16,,大原悠,4,■,■,■,■,,14,4,0,0.2857142857142857,0.2857142857142857,1.00,0,0,0,-,0,-,11,0,0,2,4.5,16,9,1,59.4
2019-12-07,2019-12,近畿クラブスフィーダ,22,,中川郁也,0,,,,,,0,0,0,,,-,0,0,0,-,0,-,0,0,0,0,-,0,0,0,-
2019-12-07,2019-12,近畿クラブスフィーダ,23,,井上尚人,3,□,,□,□,,0,0,0,,,-,0,0,0,-,0,-,2,0,0,0,0.0,0,0,0,-
2019-12-07,2019-12,近畿クラブスフィーダ,27,,吉良悠飛,3,□,□,□,,,0,0,0,,,-,0,0,0,-,0,-,3,0,1,1,0.0,0,0,0,-
2019-12-07,2019-12,奈良ドリーマーズ,1,,渡邊徹,2,,,□,□,,0,0,0,,,-,0,0,0,-,0,-,3,0,0,0,0.0,0,0,0,-
2019-12-07,2019-12,奈良ドリーマーズ,2,,言上真一,0,,,,,,0,0,0,,,-,0,0,0,-,0,-,0,0,0,0,-,0,0,0,-
2019-12-07,2019-12,奈良ドリーマーズ,3,,壇上正健,4,□,■,■,■,,28,14,2,0.5,0.42857142857142855,3.50,5,2,1,40.0,4,1.00,8,0,4,2,-6.2,0,0,0,-
2019-12-07,2019-12,奈良ドリーマーズ,4,,下町浩二,3,,■,■,■,,11,6,0,0.5454545454545454,0.5454545454545454,2.00,0,0,0,-,1,0.33,8,0,0,2,6.2,0,0,0,-
2019-12-07,2019-12,奈良ドリーマーズ,5,L,小寺秀哉,4,●,●,●,●,,0,0,0,,,-,0,0,0,-,0,-,0,0,0,0,-,0,0,0,-
2019-12-07,2019-12,奈良ドリーマーズ,7,,有津翔太,4,■,■,■,■,,21,12,1,0.5714285714285714,0.5238095238095238,3.00,1,1,0,100.0,3,0.75,13,2,2,6,23.1,1,0,0,0.0
2019-12-07,2019-12,奈良ドリーマーズ,9,,高橋和希,4,■,■,■,■,,5,1,0,0.2,0.2,0.25,0,0,0,-,1,0.25,22,1,0,8,13.6,2,1,0,50.0
2019-12-07,2019-12,奈良ドリーマーズ,11,,後藤和志,1,■,,,,,11,5,2,0.4545454545454545,0.2727272727272727,5.00,3,1,1,33.3,0,-,2,0,0,1,12.5,0,0,0,-
2019-12-07,2019-12,奈良ドリーマーズ,12,,川村幸司,4,■,■,■,■,,38,12,5,0.3157894736842105,0.18421052631578946,3.00,5,0,2,0.0,0,-,14,0,0,5,8.9,24,16,6,79.2
2019-12-07,2019-12,奈良ドリーマーズ,14,,杉谷祐磨,4,■,■,■,■,,25,9,3,0.36,0.24,2.25,0,0,0,-,1,0.25,17,0,2,3,1.5,27,8,11,50.0
2019-12-07,2019-12,奈良ドリーマーズ,17,,碩幸輝,3,■,,□,□,,1,0,0,0.0,0.0,-,0,0,0,-,0,-,4,0,0,1,6.2,0,0,0,-
2019-12-07,2019-12,奈良ドリーマーズ,18,,南本大貴,2,,,□,□,,0,0,0,,,-,0,0,0,-,0,-,0,0,0,0,-,0,0,0,-
2019-12-07,2019-12,奈良ドリーマーズ,19,L,石渡瑛法,4,〇,〇,〇,〇,,0,0,0,,,-,0,0,0,-,0,-,0,0,0,0,-,30,13,9,58.3
2019-12-07,2019-12,トヨタモビリティ東京スパークル,1,,岩阪健太郎,5,■,■,■,■,■,24,12,0,0.5,0.5,2.40,0,0,0,-,5,1.00,9,0,3,1,-5.6,0,0,0,-
2019-12-07,2019-12,トヨタモビリティ東京スパークル,2,,為我井太也,5,■,■,■,■,■,5,4,0,0.8,0.8,0.80,0,0,0,-,0,-,11,0,4,5,2.3,0,0,0,-
2019-12-07,2019-12,トヨタモビリティ東京スパークル,4,,西河孝太,5,■,■,■,■,■,55,18,5,0.3272727272727273,0.2363636363636364,3.60,2,1,0,50.0,1,0.20,18,0,0,5,6.9,41,21,11,64.6
2019-12-07,2019-12,トヨタモビリティ東京スパークル,5,L,峰尾拓,5,●,●,●,●,●,0,0,0,,,-,0,0,0,-,0,-,0,0,0,0,-,27,10,11,57.4
2019-12-07,2019-12,トヨタモビリティ東京スパークル,6,,大貫智博,5,■,■,□,■,■,11,2,1,0.18181818181818185,0.09090909090909093,0.40,0,0,0,-,1,0.20,25,1,0,6,10.0,0,0,0,-
2019-12-07,2019-12,トヨタモビリティ東京スパークル,9,,大楽祥生,4,□,■,■,■,,16,4,2,0.25,0.125,1.00,0,0,0,-,0,-,9,0,2,4,5.6,0,0,0,-
2019-12-07,2019-12,トヨタモビリティ東京スパークル,11,,早川紘司,0,,,,,,0,0,0,,,-,0,0,0,-,0,-,0,0,0,0,-,0,0,0,-
2019-12-07,2019-12,トヨタモビリティ東京スパークル,12,,宇野佑樹,0,,,,,,0,0,0,,,-,0,0,0,-,0,-,0,0,0,0,-,0,0,0,-
2019-12-07,2019-12,トヨタモビリティ東京スパークル,13,L,田中湧朔,0,,,,,,0,0,0,,,-,0,0,0,-,0,-,0,0,0,0,-,0,0,0,-
2019-12-07,2019-12,トヨタモビリティ東京スパークル,14,,岸海斗,5,□,□,■,□,□,2,0,0,0.0,0.0,-,0,0,0,-,0,-,8,0,2,2,0.0,0,0,0,-
2019-12-07,2019-12,トヨタモビリティ東京スパークル,15,,新山駿,5,■,■,■,■,■,49,21,1,0.42857142857142855,0.4081632653061225,4.20,1,0,0,0.0,0,-,16,1,2,5,10.9,23,10,6,56.5
2019-12-07,2019-12,トヨタモビリティ東京スパークル,18,,鈴木浩大,2,□,,□,,,0,0,0,,,-,0,0,0,-,0,-,1,0,0,1,25.0,0,0,0,-
2019-12-07,2019-12,トヨタモビリティ東京スパークル,21,,伊藤優介,3,■,,□,,■,6,0,0,0.0,0.0,-,0,0,0,-,0,-,5,0,2,0,-10.0,0,0,0,-
2019-12-07,2019-12,トヨタモビリティ東京スパークル,28,,槌尾健,3,,□,,□,□,0,0,0,,,-,0,0,0,-,0,-,3,0,0,1,8.3,0,0,0,-
2019-12-07,2019-12,サフィルヴァ北海道,1,L,青島賢司,1,,,,,〇,0,0,0,,,-,0,0,0,-,0,-,0,0,0,0,-,2,1,0,50.0
2019-12-07,2019-12,サフィルヴァ北海道,2,L,神園時,5,●,●,●,●,●,0,0,0,,,-,0,0,0,-,0,-,0,0,0,0,-,24,12,5,60.4
2019-12-07,2019-12,サフィルヴァ北海道,3,,河西智洋,5,■,■,■,■,■,33,12,2,0.3636363636363637,0.30303030303030304,2.40,6,1,1,16.7,2,0.40,23,1,3,4,5.4,39,14,13,52.6
2019-12-07,2019-12,サフィルヴァ北海道,4,,奥田基嗣,5,■,■,■,■,■,20,11,1,0.55,0.5,2.20,0,0,0,-,0,-,11,0,2,5,6.8,0,0,0,-
2019-12-07,2019-12,サフィルヴァ北海道,5,,吉田康祐,4,□,,■,■,■,11,6,0,0.5454545454545454,0.5454545454545454,1.50,0,0,0,-,3,0.75,7,0,2,0,-7.1,1,0,1,50.0
2019-12-07,2019-12,サフィルヴァ北海道,7,,笠原佑斗,4,■,■,,□,□,5,1,0,0.2,0.2,0.25,0,0,0,-,2,0.50,5,0,0,2,10.0,0,0,0,-
2019-12-07,2019-12,サフィルヴァ北海道,8,,清水久雄,5,■,■,■,■,■,0,0,0,,,-,0,0,0,-,0,-,24,0,1,7,6.2,0,0,0,-
2019-12-07,2019-12,サフィルヴァ北海道,9,,小林洸,3,□,,□,,□,0,0,0,,,-,0,0,0,-,0,-,3,0,2,0,-16.7,0,0,0,-
2019-12-07,2019-12,サフィルヴァ北海道,10,,三浦拓,0,,,,,,0,0,0,,,-,0,0,0,-,0,-,0,0,0,0,-,0,0,0,-
2019-12-07,2019-12,サフィルヴァ北海道,11,,十良澤太一,4,□,□,□,□,,0,0,0,,,-,0,0,0,-,0,-,6,0,0,2,8.3,0,0,0,-
2019-12-07,2019-12,サフィルヴァ北海道,13,,ブルークインダレサレツ,5,■,■,■,■,■,57,24,6,0.42105263157894735,0.3157894736842105,4.80,19,9,2,47.4,5,1.00,12,0,3,2,-2.1,0,0,0,-
2019-12-07,2019-12,サフィルヴァ北海道,14,,山口拓馬,0,,,,,,0,0,0,,,-,0,0,0,-,0,-,0,0,0,0,-,0,0,0,-
2019-12-07,2019-12,サフィルヴァ北海道,15,,河西孔明,2,,□,□,,,0,0,0,,,-,0,0,0,-,0,-,4,0,2,0,-12.5,0,0,0,-
2019-12-07,2019-12,サフィルヴァ北海道,17,,森元貴哉,5,■,■,■,■,■,32,12,3,0.375,0.28125,2.40,5,1,3,20.0,2,0.40,13,0,2,0,-3.8,23,6,6,39.1
2019-12-08,2019-12,奈良ドリーマーズ,1,,渡邊徹,1,□,,,,,0,0,0,,,-,0,0,0,-,0,-,2,0,0,1,12.5,0,0,0,-
2019-12-08,2019-12,奈良ドリーマーズ,2,,言上真一,1,,□,,,,0,0,0,,,-,0,0,0,-,0,-,0,0,0,0,-,0,0,0,-
2019-12-08,2019-12,奈良ドリーマーズ,3,,壇上正健,3,■,■,■,,,19,7,2,0.3684210526315789,0.2631578947368421,2.33,8,5,1,62.5,2,0.67,12,0,2,3,2.1,0,0,0,-
2019-12-08,2019-12,奈良ドリーマーズ,4,,下町浩二,3,■,■,■,,,9,2,0,0.2222222222222222,0.2222222222222222,0.67,0,0,0,-,4,1.33,5,0,0,0,0.0,0,0,0,-
2019-12-08,2019-12,奈良ドリーマーズ,5,L,小寺秀哉,3,●,●,●,,,0,0,0,,,-,0,0,0,-,0,-,0,0,0,0,-,0,0,0,-
2019-12-08,2019-12,奈良ドリーマーズ,7,,有津翔太,3,■,■,■,,,15,9,0,0.6,0.6,3.00,2,0,0,0.0,1,0.33,16,1,2,4,9.4,0,0,0,-
2019-12-08,2019-12,奈良ドリーマーズ,9,,高橋和希,3,■,■,■,,,6,3,0,0.5,0.5,1.00,0,0,0,-,0,-,14,0,0,2,3.6,0,0,0,-
2019-12-08,2019-12,奈良ドリーマーズ,11,,後藤和志,0,,,,,,0,0,0,,,-,0,0,0,-,0,-,0,0,0,0,-,0,0,0,-
2019-12-08,2019-12,奈良ドリーマーズ,12,,川村幸司,3,■,■,■,,,20,12,2,0.6,0.5,4.00,0,0,0,-,1,0.33,13,0,2,6,7.7,28,13,6,57.1
2019-12-08,2019-12,奈良ドリーマーズ,14,,杉谷祐磨,0,,,,,,0,0,0,,,-,0,0,0,-,0,-,0,0,0,0,-,0,0,0,-
2019-12-08,2019-12,奈良ドリーマーズ,16,,片野坂拓人,3,■,■,■,,,22,9,2,0.4090909090909091,0.3181818181818182,3.00,2,1,0,50.0,1,0.33,11,1,1,2,11.4,16,7,7,65.6
2019-12-08,2019-12,奈良ドリーマーズ,17,,碩幸輝,1,,,□,,,0,0,0,,,-,0,0,0,-,0,-,1,0,0,0,0.0,0,0,0,-
2019-12-08,2019-12,奈良ドリーマーズ,18,,南本大貴,0,,,,,,0,0,0,,,-,0,0,0,-,0,-,0,0,0,0,-,0,0,0,-
2019-12-08,2019-12,奈良ドリーマーズ,19,L,石渡瑛法,3,〇,〇,〇,,,0,0,0,,,-,0,0,0,-,0,-,0,0,0,0,-,9,2,7,61.1
2019-12-08,2019-12,サフィルヴァ北海道,1,L,青島賢司,0,,,,,,0,0,0,,,-,0,0,0,-,0,-,0,0,0,0,-,0,0,0,-
2019-12-08,2019-12,サフィルヴァ北海道,2,L,神園時,3,●,●,●,,,0,0,0,,,-,0,0,0,-,0,-,0,0,0,0,-,30,16,6,63.3
2019-12-08,2019-12,サフィルヴァ北海道,3,,河西智洋,3,■,■,■,,,13,3,0,0.2307692307692308,0.2307692307692308,1.00,0,0,0,-,0,-,7,0,3,0,-10.7,22,8,6,50.0
2019-12-08,2019-12,サフィルヴァ北海道,4,,奥田基嗣,3,■,■,■,,,12,5,1,0.4166666666666667,0.3333333333333333,1.67,0,0,0,-,0,-,13,1,1,3,11.5,0,0,0,-
2019-12-08,2019-12,サフィルヴァ北海道,5,,吉田康祐,2,□,□,,,,3,1,0,0.3333333333333333,0.3333333333333333,0.50,0,0,0,-,0,-,1,0,0,0,0.0,0,0,0,-
2019-12-08,2019-12,サフィルヴァ北海道,7,,笠原佑斗,3,■,■,■,,,16,10,0,0.625,0.625,3.33,0,0,0,-,4,1.33,13,1,1,3,11.5,0,0,0,-
2019-12-08,2019-12,サフィルヴァ北海道,8,,清水久雄,2,■,■,,,,1,1,0,1.0,1.0,0.50,0,0,0,-,0,-,4,0,0,0,0.0,0,0,0,-
2019-12-08,2019-12,サフィルヴァ北海道,9,,小林洸,1,,,□,,,3,2,1,0.6666666666666666,0.3333333333333333,2.00,0,0,0,-,0,-,1,0,1,0,-25.0,2,1,0,50.0
2019-12-08,2019-12,サフィルヴァ北海道,10,,三浦拓,0,,,,,,0,0,0,,,-,0,0,0,-,0,-,0,0,0,0,-,0,0,0,-
2019-12-08,2019-12,サフィルヴァ北海道,11,,十良澤太一,3,□,□,■,,,1,0,0,0.0,0.0,-,0,0,0,-,0,-,4,0,0,1,6.2,0,0,0,-
2019-12-08,2019-12,サフィルヴァ北海道,13,,ブルークインダレサレツ,3,■,■,■,,,30,10,3,0.3333333333333333,0.2333333333333333,3.33,14,5,1,35.7,0,-,8,0,0,2,6.2,0,0,0,-
2019-12-08,2019-12,サフィルヴァ北海道,14,,山口拓馬,0,,,,,,0,0,0,,,-,0,0,0,-,0,-,0,0,0,0,-,0,0,0,-
2019-12-08,2019-12,サフィルヴァ北海道,15,,河西孔明,2,,□,□,,,0,0,0,,,-,0,0,0,-,0,-,2,0,1,0,-12.5,0,0,0,-
2019-12-08,2019-12,サフィルヴァ北海道,17,,森元貴哉,3,■,■,■,,,18,4,1,0.2222222222222222,0.16666666666666666,1.33,1,1,0,100.0,0,-,8,0,1,1,0.0,13,7,4,69.2
2019-12-08,2019-12,トヨタモビリティ東京スパークル,1,,岩阪健太郎,5,■,■,■,■,■,25,9,2,0.36,0.28,1.80,0,0,0,-,4,0.80,7,0,1,0,-3.6,1,1,0,100.0
2019-12-08,2019-12,トヨタモビリティ東京スパークル,2,,為我井太也,5,■,■,■,■,■,7,3,1,0.42857142857142855,0.2857142857142857,0.60,0,0,0,-,2,0.40,17,0,7,2,-7.4,0,0,0,-
2019-12-08,2019-12,トヨタモビリティ東京スパークル,4,,西河孝太,5,■,■,■,■,■,58,17,5,0.29310344827586204,0.206896551724138,3.40,12,6,4,50.0,1,0.20,22,0,0,4,4.5,9,3,3,50.0
2019-12-08,2019-12,トヨタモビリティ東京スパークル,5,L,峰尾拓,5,●,●,●,●,●,0,0,0,,,-,0,0,0,-,0,-,0,0,0,0,-,46,24,11,64.1
2019-12-08,2019-12,トヨタモビリティ東京スパークル,6,,大貫智博,5,■,■,■,■,■,6,4,0,0.6666666666666666,0.6666666666666666,0.80,0,0,0,-,2,0.40,20,0,1,5,5.0,0,0,0,-
2019-12-08,2019-12,トヨタモビリティ東京スパークル,8,,西片圭佑,4,□,□,,□,□,13,5,0,0.38461538461538464,0.38461538461538464,1.25,1,0,0,0.0,0,-,4,0,2,0,-12.5,0,0,0,-
2019-12-08,2019-12,トヨタモビリティ東京スパークル,9,,大楽祥生,0,,,,,,0,0,0,,,-,0,0,0,-,0,-,0,0,0,0,-,0,0,0,-
2019-12-08,2019-12,トヨタモビリティ東京スパークル,11,,早川紘司,0,,,,,,0,0,0,,,-,0,0,0,-,0,-,0,0,0,0,-,0,0,0,-
2019-12-08,2019-12,トヨタモビリティ東京スパークル,13,,田中湧朔,5,□,□,□,□,□,0,0,0,,,-,0,0,0,-,0,-,6,0,3,0,-12.5,0,0,0,-
2019-12-08,2019-12,トヨタモビリティ東京スパークル,14,,岸海斗,4,□,□,□,□,,2,1,0,0.5,0.5,0.25,0,0,0,-,0,-,1,0,0,0,0.0,0,0,0,-
2019-12-08,2019-12,トヨタモビリティ東京スパークル,15,,新山駿,5,■,■,■,■,■,27,16,1,0.5925925925925926,0.5555555555555556,3.20,1,0,0,0.0,1,0.20,19,1,1,5,10.5,26,13,6,61.5
2019-12-08,2019-12,トヨタモビリティ東京スパークル,16,,松本敬三,5,■,■,■,■,■,32,9,2,0.28125,0.21875,1.80,0,0,0,-,3,0.60,9,1,1,1,11.1,11,5,3,59.1
2019-12-08,2019-12,トヨタモビリティ東京スパークル,21,,伊藤優介,0,,,,,,0,0,0,,,-,0,0,0,-,0,-,0,0,0,0,-,0,0,0,-
2019-12-08,2019-12,トヨタモビリティ東京スパークル,28,,槌尾健,0,,,,,,0,0,0,,,-,0,0,0,-,0,-,0,0,0,0,-,0,0,0,-
2019-12-08,2019-12,近畿クラブスフィーダ,3,,河戸俊亮,5,■,■,■,■,■,25,9,2,0.36,0.28,1.80,0,0,0,-,3,0.60,9,0,0,2,5.6,0,0,0,-
2019-12-08,2019-12,近畿クラブスフィーダ,4,,北村將,5,■,■,□,□,□,27,6,1,0.2222222222222222,0.1851851851851852,1.20,0,0,0,-,2,0.40,11,1,0,3,15.9,17,7,6,58.8
2019-12-08,2019-12,近畿クラブスフィーダ,8,,中谷芹,4,□,□,,□,□,5,2,0,0.4,0.4,0.50,0,0,0,-,0,-,6,0,0,2,8.3,2,1,0,50.0
2019-12-08,2019-12,近畿クラブスフィーダ,10,L,上山太樹,4,,〇,〇,〇,〇,0,0,0,,,-,0,0,0,-,0,-,0,0,0,0,-,19,8,6,57.9
2019-12-08,2019-12,近畿クラブスフィーダ,11,,本多駿,5,■,■,■,■,■,58,17,3,0.29310344827586204,0.2413793103448276,3.40,5,2,0,40.0,4,0.80,17,0,5,0,-7.4,3,0,3,50.0
2019-12-08,2019-12,近畿クラブスフィーダ,12,,中田雄大,5,■,■,■,■,■,1,1,0,1.0,1.0,0.20,0,0,0,-,0,-,17,1,0,6,14.7,0,0,0,-
2019-12-08,2019-12,近畿クラブスフィーダ,13,,那須野裕進,5,■,■,■,■,■,20,9,2,0.45,0.35,1.80,0,0,0,-,2,0.40,12,0,2,0,-4.2,0,0,0,-
2019-12-08,2019-12,近畿クラブスフィーダ,15,L,久門伸司,5,●,●,●,●,●,0,0,0,,,-,0,0,0,-,0,-,0,0,0,0,-,5,4,0,80.0
2019-12-08,2019-12,近畿クラブスフィーダ,16,,大原悠,5,■,■,■,■,■,23,15,3,0.6521739130434783,0.5217391304347826,3.00,0,0,0,-,1,0.20,19,0,1,7,7.9,42,24,12,71.4
2019-12-08,2019-12,近畿クラブスフィーダ,22,,中川郁也,0,,,,,,0,0,0,,,-,0,0,0,-,0,-,0,0,0,0,-,0,0,0,-
2019-12-08,2019-12,近畿クラブスフィーダ,23,,井上尚人,5,□,□,■,■,■,21,4,2,0.19047619047619047,0.09523809523809523,0.80,3,0,1,0.0,0,-,10,0,3,2,-2.5,0,0,0,-
2019-12-08,2019-12,近畿クラブスフィーダ,27,,吉良悠飛,4,,□,□,□,□,0,0,0,,,-,0,0,0,-,0,-,5,0,1,2,5.0,0,0,0,-
2019-12-14,2019-12,奈良ドリーマーズ,1,,渡邊徹,2,□,,□,,,0,0,0,,,-,0,0,0,-,0,-,4,0,1,0,-6.2,0,0,0,-
2019-12-14,2019-12,奈良ドリーマーズ,2,,言上真一,0,,,,,,0,0,0,,,-,0,0,0,-,0,-,0,0,0,0,-,0,0,0,-
2019-12-14,2019-12,奈良ドリーマーズ,3,,壇上正健,3,■,■,■,,,26,11,7,0.4230769230769231,0.15384615384615385,3.67,8,2,5,25.0,2,0.67,12,2,1,5,25.0,0,0,0,-
2019-12-14,2019-12,奈良ドリーマーズ,4,,下町浩二,3,■,■,■,,,12,4,0,0.3333333333333333,0.3333333333333333,1.33,0,0,0,-,3,1.00,9,1,0,0,11.1,0,0,0,-
2019-12-14,2019-12,奈良ドリーマーズ,5,L,小寺秀哉,3,●,●,●,,,0,0,0,,,-,0,0,0,-,0,-,0,0,0,0,-,0,0,0,-
2019-12-14,2019-12,奈良ドリーマーズ,7,,有津翔太,3,■,■,■,,,18,9,0,0.5,0.5,3.00,0,0,0,-,2,0.67,10,0,1,3,5.0,0,0,0,-
2019-12-14,2019-12,奈良ドリーマーズ,9,,高橋和希,3,■,■,■,,,0,0,0,,,-,0,0,0,-,0,-,18,0,0,3,4.2,0,0,0,-
2019-12-14,2019-12,奈良ドリーマーズ,11,,後藤和志,1,□,,,,,1,1,0,1.0,1.0,1.00,0,0,0,-,0,-,0,0,0,0,-,0,0,0,-
2019-12-14,2019-12,奈良ドリーマーズ,12,,川村幸司,3,■,■,■,,,18,6,2,0.3333333333333333,0.2222222222222222,2.00,1,1,0,100.0,2,0.67,12,1,0,4,16.7,37,23,8,73.0
2019-12-14,2019-12,奈良ドリーマーズ,14,,杉谷祐磨,1,,□,,,,0,0,0,,,-,0,0,0,-,0,-,1,0,1,0,-25.0,0,0,0,-
2019-12-14,2019-12,奈良ドリーマーズ,15,,上竣,0,,,,,,0,0,0,,,-,0,0,0,-,0,-,0,0,0,0,-,0,0,0,-
2019-12-14,2019-12,奈良ドリーマーズ,16,,片野坂拓人,3,■,■,■,,,28,14,1,0.5,0.4642857142857143,4.67,4,1,1,25.0,2,0.67,18,0,2,2,0.0,15,9,5,76.7
2019-12-14,2019-12,奈良ドリーマーズ,18,,南本大貴,1,□,,,,,0,0,0,,,-,0,0,0,-,0,-,1,0,0,0,0.0,0,0,0,-
2019-12-14,2019-12,奈良ドリーマーズ,19,L,石渡瑛法,3,〇,〇,〇,,,0,0,0,,,-,0,0,0,-,0,-,0,0,0,0,-,13,5,4,53.8
2019-12-14,2019-12,近畿クラブスフィーダ,5,,今中聖也,3,■,■,■,,,10,6,0,0.6,0.6,2.00,0,0,0,-,2,0.67,8,0,2,0,-6.2,0,0,0,-
2019-12-14,2019-12,近畿クラブスフィーダ,6,,江崎闘愛,3,■,■,■,,,44,21,6,0.4772727272727273,0.3409090909090909,7.00,11,9,1,81.8,2,0.67,11,0,3,2,-2.3,0,0,0,-
2019-12-14,2019-12,近畿クラブスフィーダ,7,,石田康祐,1,□,,,,,0,0,0,,,-,0,0,0,-,0,-,1,0,1,0,-25.0,0,0,0,-
2019-12-14,2019-12,近畿クラブスフィーダ,9,,中野倭,3,■,■,■,,,2,2,0,1.0,1.0,0.67,0,0,0,-,0,-,14,1,2,1,5.4,0,0,0,-
2019-12-14,2019-12,近畿クラブスフィーダ,11,,本多駿,2,,□,■,,,6,1,1,0.16666666666666666,0.0,0.50,1,0,0,0.0,1,0.50,7,1,1,1,14.3,1,1,0,100.0
2019-12-14,2019-12,近畿クラブスフィーダ,13,,那須野裕進,2,,□,■,,,6,2,0,0.3333333333333333,0.3333333333333333,1.00,0,0,0,-,0,-,5,0,0,0,0.0,0,0,0,-
2019-12-14,2019-12,近畿クラブスフィーダ,15,,久門伸司,2,□,,□,,,0,0,0,,,-,0,0,0,-,0,-,2,0,0,0,0.0,0,0,0,-
2019-12-14,2019-12,近畿クラブスフィーダ,19,,東野朋慶,3,■,■,■,,,25,11,3,0.44,0.32,3.67,1,1,0,100.0,0,-,18,0,4,3,-1.4,40,18,11,58.8
2019-12-14,2019-12,近畿クラブスフィーダ,21,L,吉田裕哉,3,●,●,●,,,0,0,0,,,-,0,0,0,-,0,-,0,0,0,0,-,27,11,11,61.1
2019-12-14,2019-12,近畿クラブスフィーダ,23,,井上尚人,0,,,,,,0,0,0,,,-,0,0,0,-,0,-,0,0,0,0,-,0,0,0,-
2019-12-14,2019-12,近畿クラブスフィーダ,24,,越智蒼,2,■,■,,,,6,2,1,0.3333333333333333,0.16666666666666666,1.00,0,0,0,-,1,0.50,4,0,1,1,0.0,0,0,0,-
2019-12-14,2019-12,近畿クラブスフィーダ,25,,小磯智紀,2,□,,□,,,0,0,0,,,-,0,0,0,-,0,-,0,0,0,0,-,0,0,0,-
2019-12-14,2019-12,近畿クラブスフィーダ,28,L,本多泰成,1,,〇,,,,0,0,0,,,-,0,0,0,-,0,-,0,0,0,0,-,10,4,4,60.0
2019-12-14,2019-12,近畿クラブスフィーダ,29,,江口颯人,3,■,■,□,,,13,5,1,0.38461538461538464,0.3076923076923077,1.67,3,2,1,66.7,0,-,9,0,0,3,8.3,0,0,0,-
2019-12-14,2019-12,トヨタモビリティ東京スパークル,1,,岩阪健太郎,3,■,■,■,,,10,3,1,0.3,0.2,1.00,0,0,0,-,3,1.00,4,0,1,0,-6.2,0,0,0,-
2019-12-14,2019-12,トヨタモビリティ東京スパークル,2,,為我井太也,3,■,■,■,,,1,0,0,0.0,0.0,-,0,0,0,-,0,-,9,0,2,1,-2.8,0,0,0,-
2019-12-14,2019-12,トヨタモビリティ東京スパークル,4,,西河孝太,2,,■,■,,,12,7,0,0.5833333333333334,0.5833333333333334,3.50,1,1,0,100.0,1,0.50,9,0,1,2,2.8,9,2,3,38.9
2019-12-14,2019-12,トヨタモビリティ東京スパークル,5,L,峰尾拓,3,●,●,●,,,0,0,0,,,-,0,0,0,-,0,-,0,0,0,0,-,23,10,6,56.5
2019-12-14,2019-12,トヨタモビリティ東京スパークル,6,,大貫智博,1,■,,,,,0,0,0,,,-,0,0,0,-,0,-,1,0,0,0,0.0,0,0,0,-
2019-12-14,2019-12,トヨタモビリティ東京スパークル,7,,石井琢也,3,■,■,■,,,23,5,3,0.21739130434782608,0.08695652173913042,1.67,3,0,2,0.0,0,-,5,0,0,0,0.0,5,2,0,40.0
2019-12-14,2019-12,トヨタモビリティ東京スパークル,8,,西片圭佑,3,■,□,□,,,7,2,2,0.2857142857142857,0.0,0.67,4,0,2,0.0,0,-,6,1,1,1,16.7,0,0,0,-
2019-12-14,2019-12,トヨタモビリティ東京スパークル,13,,田中湧朔,3,□,□,□,,,0,0,0,,,-,0,0,0,-,0,-,4,0,1,1,0.0,0,0,0,-
2019-12-14,2019-12,トヨタモビリティ東京スパークル,14,,岸海斗,3,□,■,■,,,7,3,1,0.42857142857142855,0.2857142857142857,1.00,0,0,0,-,3,1.00,11,2,2,2,18.2,0,0,0,-
2019-12-14,2019-12,トヨタモビリティ東京スパークル,15,,新山駿,3,■,■,■,,,29,12,2,0.4137931034482759,0.3448275862068966,4.00,3,1,0,33.3,0,-,12,1,2,3,10.4,23,14,4,69.6
2019-12-14,2019-12,トヨタモビリティ東京スパークル,21,,伊藤優介,0,,,,,,0,0,0,,,-,0,0,0,-,0,-,0,0,0,0,-,0,0,0,-
2019-12-14,2019-12,トヨタモビリティ東京スパークル,22,,松枝寿明,0,,,,,,0,0,0,,,-,0,0,0,-,0,-,0,0,0,0,-,0,0,0,-
2019-12-14,2019-12,トヨタモビリティ東京スパークル,28,,槌尾健,2,,□,□,,,0,0,0,,,-,0,0,0,-,0,-,3,0,0,0,0.0,0,0,0,-
2019-12-14,2019-12,サフィルヴァ北海道,1,,青島賢司,1,,,□,,,0,0,0,,,-,0,0,0,-,0,-,1,0,0,0,0.0,0,0,0,-
2019-12-14,2019-12,サフィルヴァ北海道,2,L,神園時,3,●,●,●,,,0,0,0,,,-,0,0,0,-,0,-,0,0,0,0,-,23,16,4,78.3
2019-12-14,2019-12,サフィルヴァ北海道,3,,河西智洋,3,■,■,■,,,18,8,1,0.4444444444444444,0.3888888888888889,2.67,1,0,0,0.0,0,-,10,1,5,0,-2.5,13,5,4,53.8
2019-12-14,2019-12,サフィルヴァ北海道,4,,奥田基嗣,3,■,■,■,,,12,7,0,0.5833333333333334,0.5833333333333334,2.33,0,0,0,-,5,1.67,17,1,0,5,13.2,0,0,0,-
2019-12-14,2019-12,サフィルヴァ北海道,5,,吉田康祐,1,,,■,,,3,3,0,1.0,1.0,3.00,0,0,0,-,0,-,4,0,0,1,6.2,0,0,0,-
2019-12-14,2019-12,サフィルヴァ北海道,7,,笠原佑斗,3,■,■,□,,,5,2,0,0.4,0.4,0.67,0,0,0,-,1,0.33,9,1,1,2,13.9,0,0,0,-
2019-12-14,2019-12,サフィルヴァ北海道,8,,清水久雄,1,□,,,,,0,0,0,,,-,0,0,0,-,0,-,0,0,0,0,-,0,0,0,-
2019-12-14,2019-12,サフィルヴァ北海道,9,,小林洸,1,□,,,,,2,1,0,0.5,0.5,1.00,0,0,0,-,0,-,0,0,0,0,-,0,0,0,-
2019-12-14,2019-12,サフィルヴァ北海道,10,,三浦拓,1,□,,,,,0,0,0,,,-,0,0,0,-,0,-,0,0,0,0,-,0,0,0,-
2019-12-14,2019-12,サフィルヴァ北海道,11,,十良澤太一,3,■,■,■,,,1,1,0,1.0,1.0,0.33,0,0,0,-,2,0.67,10,0,0,6,15.0,0,0,0,-
2019-12-14,2019-12,サフィルヴァ北海道,13,,ブルークインダレサレツ,3,■,■,■,,,37,16,5,0.4324324324324325,0.2972972972972973,5.33,14,5,2,35.7,0,-,9,0,3,1,-5.6,0,0,0,-
2019-12-14,2019-12,サフィルヴァ北海道,17,,森元貴哉,3,■,■,■,,,18,7,1,0.3888888888888889,0.3333333333333333,2.33,3,0,0,0.0,0,-,15,0,3,4,1.7,16,8,5,65.6
2019-12-15,2019-12,奈良ドリーマーズ,1,,渡邊徹,1,□,,,,,0,0,0,,,-,0,0,0,-,0,-,1,0,0,0,0.0,0,0,0,-
2019-12-15,2019-12,奈良ドリーマーズ,2,,言上真一,2,,,□,□,,2,1,0,0.5,0.5,0.50,0,0,0,-,0,-,3,0,1,1,0.0,0,0,0,-
2019-12-15,2019-12,奈良ドリーマーズ,3,,壇上正健,4,■,■,■,■,,29,10,3,0.3448275862068966,0.2413793103448276,2.50,6,4,0,66.7,3,0.75,12,0,0,6,12.5,1,0,0,0.0
2019-12-15,2019-12,奈良ドリーマーズ,4,,下町浩二,4,■,■,■,■,,15,5,1,0.3333333333333333,0.26666666666666666,1.25,0,0,0,-,1,0.25,13,0,0,3,5.8,0,0,0,-
2019-12-15,2019-12,奈良ドリーマーズ,5,L,小寺秀哉,4,●,●,●,●,,0,0,0,,,-,0,0,0,-,0,-,0,0,0,0,-,0,0,0,-
2019-12-15,2019-12,奈良ドリーマーズ,7,,有津翔太,4,■,■,■,■,,10,6,0,0.6,0.6,1.50,1,1,0,100.0,4,1.00,18,0,2,4,2.8,0,0,0,-
2019-12-15,2019-12,奈良ドリーマーズ,9,,高橋和希,4,■,■,■,■,,0,0,0,,,-,0,0,0,-,0,-,13,0,2,1,-1.9,1,0,1,50.0
2019-12-15,2019-12,奈良ドリーマーズ,11,,後藤和志,1,,□,,,,1,1,0,1.0,1.0,1.00,0,0,0,-,0,-,0,0,0,0,-,0,0,0,-
2019-12-15,2019-12,奈良ドリーマーズ,12,,川村幸司,4,■,■,■,■,,36,13,5,0.3611111111111111,0.2222222222222222,3.25,1,0,1,0.0,2,0.50,6,0,0,0,0.0,21,4,13,50.0
2019-12-15,2019-12,奈良ドリーマーズ,14,,杉谷祐磨,2,,□,,□,,5,3,0,0.6,0.6,1.50,0,0,0,-,0,-,6,1,0,2,25.0,7,4,2,71.4
2019-12-15,2019-12,奈良ドリーマーズ,15,,上竣,0,,,,,,0,0,0,,,-,0,0,0,-,0,-,0,0,0,0,-,0,0,0,-
2019-12-15,2019-12,奈良ドリーマーズ,16,,片野坂拓人,4,■,■,■,■,,29,14,4,0.4827586206896552,0.3448275862068966,3.50,5,0,2,0.0,0,-,26,4,0,14,28.8,15,4,9,56.7
2019-12-15,2019-12,奈良ドリーマーズ,18,,南本大貴,0,,,,,,0,0,0,,,-,0,0,0,-,0,-,0,0,0,0,-,0,0,0,-
2019-12-15,2019-12,奈良ドリーマーズ,19,L,石渡瑛法,4,〇,〇,〇,〇,,0,0,0,,,-,0,0,0,-,0,-,0,0,0,0,-,16,5,7,53.1
2019-12-15,2019-12,トヨタモビリティ東京スパークル,1,,岩阪健太郎,4,■,■,■,■,,19,8,2,0.42105263157894735,0.3157894736842105,2.00,0,0,0,-,3,0.75,4,0,0,0,0.0,0,0,0,-
2019-12-15,2019-12,トヨタモビリティ東京スパークル,2,,為我井太也,4,■,■,■,■,,3,3,0,1.0,1.0,0.75,0,0,0,-,1,0.25,13,1,2,4,11.5,0,0,0,-
2019-12-15,2019-12,トヨタモビリティ東京スパークル,4,,西河孝太,2,,,□,■,,3,0,1,0.0,-0.3333333333333333,-,0,0,0,-,0,-,1,0,0,0,0.0,16,2,5,28.1
2019-12-15,2019-12,トヨタモビリティ東京スパークル,5,L,峰尾拓,4,●,●,●,●,,0,0,0,,,-,0,0,0,-,0,-,0,0,0,0,-,34,11,12,50.0
2019-12-15,2019-12,トヨタモビリティ東京スパークル,6,,大貫智博,4,■,■,■,■,,12,1,0,0.08333333333333333,0.08333333333333333,0.25,0,0,0,-,2,0.50,20,0,1,1,0.0,0,0,0,-
2019-12-15,2019-12,トヨタモビリティ東京スパークル,7,,石井琢也,1,,,■,,,3,0,0,0.0,0.0,-,0,0,0,-,0,-,0,0,0,0,-,3,0,0,0.0
2019-12-15,2019-12,トヨタモビリティ東京スパークル,8,,西片圭佑,2,,□,,□,,3,1,2,0.3333333333333333,-0.3333333333333333,0.50,2,0,2,0.0,0,-,2,0,0,0,0.0,1,0,0,0.0
2019-12-15,2019-12,トヨタモビリティ東京スパークル,13,,田中湧朔,3,□,□,,□,,0,0,0,,,-,0,0,0,-,0,-,4,0,1,1,0.0,0,0,0,-
2019-12-15,2019-12,トヨタモビリティ東京スパークル,14,,岸海斗,4,■,■,■,■,,42,12,3,0.2857142857142857,0.21428571428571427,3.00,2,0,1,0.0,3,0.75,8,0,3,1,-6.2,2,0,1,25.0
2019-12-15,2019-12,トヨタモビリティ東京スパークル,15,,新山駿,4,■,■,■,■,,37,12,3,0.32432432432432434,0.2432432432432433,3.00,3,1,1,33.3,0,-,17,1,5,5,5.9,34,18,10,67.6
2019-12-15,2019-12,トヨタモビリティ東京スパークル,21,,伊藤優介,3,■,■,□,,,11,2,2,0.18181818181818185,0.0,0.67,2,1,1,50.0,2,0.67,5,0,1,0,-5.0,1,0,1,50.0
2019-12-15,2019-12,トヨタモビリティ東京スパークル,22,,松枝寿明,0,,,,,,0,0,0,,,-,0,0,0,-,0,-,0,0,0,0,-,0,0,0,-
2019-12-15,2019-12,近畿クラブスフィーダ,3,,河戸俊亮,3,,□,■,■,,5,5,0,1.0,1.0,1.67,0,0,0,-,3,1.00,10,0,0,1,2.5,0,0,0,-
2019-12-15,2019-12,近畿クラブスフィーダ,4,,北村將,1,,,,□,,0,0,0,,,-,0,0,0,-,0,-,1,0,0,0,0.0,0,0,0,-
2019-12-15,2019-12,近畿クラブスフィーダ,5,,今中聖也,3,■,■,□,,,3,0,1,0.0,-0.3333333333333333,-,1,0,0,0.0,0,-,2,0,0,0,0.0,0,0,0,-
2019-12-15,2019-12,近畿クラブスフィーダ,9,,中野倭,4,■,■,■,■,,3,1,0,0.3333333333333333,0.3333333333333333,0.25,0,0,0,-,0,-,13,0,3,2,-1.9,0,0,0,-
2019-12-15,2019-12,近畿クラブスフィーダ,10,,上山太樹,2,□,□,,,,0,0,0,,,-,0,0,0,-,0,-,3,0,0,1,8.3,0,0,0,-
2019-12-15,2019-12,近畿クラブスフィーダ,11,,本多駿,4,■,■,■,■,,38,17,5,0.4473684210526316,0.3157894736842105,4.25,5,2,2,40.0,0,-,15,1,3,3,6.7,15,6,4,53.3
2019-12-15,2019-12,近畿クラブスフィーダ,12,,中田雄大,2,,,□,□,,0,0,0,,,-,0,0,0,-,0,-,2,0,0,0,0.0,0,0,0,-
2019-12-15,2019-12,近畿クラブスフィーダ,13,,那須野裕進,4,■,■,■,■,,11,4,2,0.3636363636363637,0.18181818181818185,1.00,0,0,0,-,1,0.25,8,0,2,1,-3.1,0,0,0,-
2019-12-15,2019-12,近畿クラブスフィーダ,16,L,大原悠,4,●,●,●,●,,0,0,0,,,-,0,0,0,-,0,-,0,0,0,0,-,13,6,2,53.8
2019-12-15,2019-12,近畿クラブスフィーダ,19,,東野朋慶,4,■,■,■,■,,30,14,3,0.4666666666666667,0.3666666666666665,3.50,0,0,0,-,2,0.50,15,0,1,4,5.0,44,15,12,47.7
2019-12-15,2019-12,近畿クラブスフィーダ,21,L,吉田裕哉,3,,〇,〇,〇,,0,0,0,,,-,0,0,0,-,0,-,0,0,0,0,-,0,0,0,-
2019-12-15,2019-12,近畿クラブスフィーダ,23,,井上尚人,0,,,,,,0,0,0,,,-,0,0,0,-,0,-,0,0,0,0,-,0,0,0,-
2019-12-15,2019-12,近畿クラブスフィーダ,24,,越智蒼,1,,,,□,,0,0,0,,,-,0,0,0,-,0,-,0,0,0,0,-,0,0,0,-
2019-12-15,2019-12,近畿クラブスフィーダ,29,,江口颯人,4,■,■,■,■,,40,18,4,0.45,0.35,4.50,13,8,2,61.5,1,0.25,23,0,0,8,8.7,3,0,1,16.7
2019-12-15,2019-12,サフィルヴァ北海道,1,,青島賢司,3,,□,□,□,,0,0,0,,,-,0,0,0,-,0,-,3,0,1,1,0.0,0,0,0,-
2019-12-15,2019-12,サフィルヴァ北海道,2,L,神園時,4,●,●,●,●,,0,0,0,,,-,0,0,0,-,0,-,0,0,0,0,-,21,11,7,69.0
2019-12-15,2019-12,サフィルヴァ北海道,3,,河西智洋,4,■,■,■,■,,20,6,0,0.3,0.3,1.50,3,1,0,33.3,0,-,12,0,1,3,4.2,37,15,12,56.8
2019-12-15,2019-12,サフィルヴァ北海道,4,,奥田基嗣,4,■,■,■,□,,15,7,1,0.4666666666666667,0.4,1.75,0,0,0,-,0,-,14,0,1,4,5.4,0,0,0,-
2019-12-15,2019-12,サフィルヴァ北海道,5,,吉田康祐,3,,□,□,■,,8,3,0,0.375,0.375,1.00,0,0,0,-,0,-,2,0,0,2,25.0,0,0,0,-
2019-12-15,2019-12,サフィルヴァ北海道,7,,笠原佑斗,4,■,■,■,■,,16,7,0,0.4375,0.4375,1.75,0,0,0,-,2,0.50,21,1,3,10,13.1,0,0,0,-
2019-12-15,2019-12,サフィルヴァ北海道,8,,清水久雄,2,□,,□,,,0,0,0,,,-,0,0,0,-,0,-,3,0,0,1,8.3,0,0,0,-
2019-12-15,2019-12,サフィルヴァ北海道,9,,小林洸,4,□,□,■,■,,16,7,0,0.4375,0.4375,1.75,2,1,0,50.0,0,-,6,0,2,3,4.2,0,0,0,-
2019-12-15,2019-12,サフィルヴァ北海道,10,,三浦拓,0,,,,,,0,0,0,,,-,0,0,0,-,0,-,0,0,0,0,-,0,0,0,-
2019-12-15,2019-12,サフィルヴァ北海道,11,,十良澤太一,4,■,■,■,■,,5,3,1,0.6,0.4,0.75,0,0,0,-,0,-,14,0,2,2,0.0,0,0,0,-
2019-12-15,2019-12,サフィルヴァ北海道,13,,ブルークインダレサレツ,2,■,■,,,,15,7,1,0.4666666666666667,0.4,3.50,4,2,1,50.0,2,1.00,4,0,1,1,0.0,0,0,0,-
2019-12-15,2019-12,サフィルヴァ北海道,17,,森元貴哉,4,■,■,■,■,,39,14,3,0.35897435897435903,0.28205128205128205,3.50,2,1,0,50.0,1,0.25,11,0,4,2,-4.5,24,6,11,47.9
2020-01-04,2020-01,近畿クラブスフィーダ,3,,河戸俊亮,3,■,■,■,,,6,3,1,0.5,0.3333333333333333,1.00,0,0,0,-,2,0.67,4,0,0,1,6.2,1,1,0,100.0
2020-01-04,2020-01,近畿クラブスフィーダ,4,,北村將,4,□,□,□,□,,0,0,0,,,-,0,0,0,-,0,-,5,0,1,0,-5.0,0,0,0,-
2020-01-04,2020-01,近畿クラブスフィーダ,5,,今中聖也,3,,□,□,■,,3,1,0,0.3333333333333333,0.3333333333333333,0.33,0,0,0,-,1,0.33,3,0,1,0,-8.3,0,0,0,-
2020-01-04,2020-01,近畿クラブスフィーダ,6,,江崎闘愛,4,■,■,■,■,,52,21,4,0.40384615384615385,0.3269230769230769,5.25,23,9,1,39.1,2,0.50,24,3,2,9,19.8,0,0,0,-
2020-01-04,2020-01,近畿クラブスフィーダ,8,,中谷芹,1,,,,□,,0,0,0,,,-,0,0,0,-,0,-,1,0,0,0,0.0,0,0,0,-
2020-01-04,2020-01,近畿クラブスフィーダ,9,,中野倭,4,■,■,■,■,,3,1,0,0.3333333333333333,0.3333333333333333,0.25,0,0,0,-,2,0.50,20,0,1,5,5.0,0,0,0,-
2020-01-04,2020-01,近畿クラブスフィーダ,11,,本多駿,4,■,■,■,■,,29,13,1,0.4482758620689655,0.4137931034482759,3.25,3,0,1,0.0,3,0.75,16,0,1,3,3.1,3,0,2,33.3
2020-01-04,2020-01,近畿クラブスフィーダ,12,,中田雄大,2,□,□,,,,0,0,0,,,-,0,0,0,-,0,-,3,0,0,0,0.0,0,0,0,-
2020-01-04,2020-01,近畿クラブスフィーダ,13,,那須野裕進,4,■,■,■,■,,12,6,0,0.5,0.5,1.50,1,0,0,0.0,2,0.50,11,0,1,4,6.8,1,1,0,100.0
2020-01-04,2020-01,近畿クラブスフィーダ,16,L,大原悠,4,●,●,●,●,,0,0,0,,,-,0,0,0,-,0,-,0,0,0,0,-,24,10,4,50.0
2020-01-04,2020-01,近畿クラブスフィーダ,19,,東野朋慶,4,■,■,■,■,,31,15,2,0.4838709677419355,0.41935483870967744,3.75,4,2,0,50.0,1,0.25,18,0,2,7,6.9,51,18,9,44.1
2020-01-04,2020-01,近畿クラブスフィーダ,21,L,吉田裕哉,0,,,,,,0,0,0,,,-,0,0,0,-,0,-,0,0,0,0,-,0,0,0,-
2020-01-04,2020-01,近畿クラブスフィーダ,24,,越智蒼,1,□,,,,,0,0,0,,,-,0,0,0,-,0,-,0,0,0,0,-,0,0,0,-
2020-01-04,2020-01,近畿クラブスフィーダ,29,,江口颯人,1,,,□,,,0,0,0,,,-,0,0,0,-,0,-,0,0,0,0,-,0,0,0,-
2020-01-04,2020-01,奈良ドリーマーズ,1,,渡邊徹,1,,□,,,,0,0,0,,,-,0,0,0,-,0,-,1,0,1,0,-25.0,0,0,0,-
2020-01-04,2020-01,奈良ドリーマーズ,2,,言上真一,0,,,,,,0,0,0,,,-,0,0,0,-,0,-,0,0,0,0,-,0,0,0,-
2020-01-04,2020-01,奈良ドリーマーズ,3,,壇上正健,4,■,■,■,■,,37,14,4,0.3783783783783784,0.2702702702702703,3.50,5,0,0,0.0,3,0.75,13,0,0,6,11.5,1,0,1,50.0
2020-01-04,2020-01,奈良ドリーマーズ,4,,下町浩二,3,■,■,■,,,9,2,0,0.2222222222222222,0.2222222222222222,0.67,0,0,0,-,1,0.33,13,0,0,4,7.7,0,0,0,-
2020-01-04,2020-01,奈良ドリーマーズ,5,L,小寺秀哉,4,●,●,●,●,,0,0,0,,,-,0,0,0,-,0,-,0,0,0,0,-,0,0,0,-
2020-01-04,2020-01,奈良ドリーマーズ,7,,有津翔太,4,■,■,■,■,,24,7,4,0.2916666666666667,0.125,1.75,1,0,1,0.0,4,1.00,12,0,1,6,10.4,1,0,1,50.0
2020-01-04,2020-01,奈良ドリーマーズ,9,,高橋和希,4,■,■,■,■,,2,2,0,1.0,1.0,0.50,0,0,0,-,0,-,12,0,1,5,8.3,1,0,0,0.0
2020-01-04,2020-01,奈良ドリーマーズ,11,,後藤和志,0,,,,,,0,0,0,,,-,0,0,0,-,0,-,0,0,0,0,-,0,0,0,-
2020-01-04,2020-01,奈良ドリーマーズ,12,,川村幸司,4,■,■,■,■,,41,13,3,0.3170731707317073,0.24390243902439024,3.25,3,0,0,0.0,0,-,17,3,2,5,22.1,15,3,6,40.0
2020-01-04,2020-01,奈良ドリーマーズ,14,,杉谷祐磨,1,□,,,,,0,0,0,,,-,0,0,0,-,0,-,2,0,1,0,-12.5,0,0,0,-
2020-01-04,2020-01,奈良ドリーマーズ,15,,上竣,3,,□,□,■,,18,7,3,0.3888888888888889,0.2222222222222222,2.33,2,0,0,0.0,0,-,4,0,2,2,0.0,0,0,0,-
2020-01-04,2020-01,奈良ドリーマーズ,16,,片野坂拓人,4,■,■,■,■,,32,14,1,0.4375,0.40625,3.50,3,0,0,0.0,0,-,17,0,2,7,7.4,54,19,20,53.7
2020-01-04,2020-01,奈良ドリーマーズ,18,,南本大貴,2,,□,□,,,0,0,0,,,-,0,0,0,-,0,-,2,0,0,0,0.0,0,0,0,-
2020-01-04,2020-01,奈良ドリーマーズ,19,L,石渡瑛法,4,〇,〇,〇,〇,,0,0,0,,,-,0,0,0,-,0,-,0,0,0,0,-,24,12,5,60.4
2020-01-05,2020-01,近畿クラブスフィーダ,3,,河戸俊亮,3,■,■,■,,,4,1,0,0.25,0.25,0.33,0,0,0,-,1,0.33,3,0,0,1,8.3,0,0,0,-
2020-01-05,2020-01,近畿クラブスフィーダ,4,,北村將,2,,□,,□,,0,0,0,,,-,0,0,0,-,0,-,3,0,1,1,0.0,0,0,0,-
2020-01-05,2020-01,近畿クラブスフィーダ,5,,今中聖也,2,,,□,■,,9,5,0,0.5555555555555556,0.5555555555555556,2.50,0,0,0,-,0,-,5,0,0,2,10.0,0,0,0,-
2020-01-05,2020-01,近畿クラブスフィーダ,6,,江崎闘愛,4,■,■,■,■,,36,14,1,0.3888888888888889,0.3611111111111111,3.50,13,5,1,38.5,3,0.75,16,0,3,4,1.6,0,0,0,-
2020-01-05,2020-01,近畿クラブスフィーダ,7,,石田康祐,2,□,,□,,,0,0,0,,,-,0,0,0,-,0,-,2,0,0,0,0.0,0,0,0,-
2020-01-05,2020-01,近畿クラブスフィーダ,11,,本多駿,4,■,■,■,■,,28,9,1,0.32142857142857145,0.2857142857142857,2.25,4,0,0,0.0,3,0.75,14,0,0,5,8.9,6,3,0,50.0
2020-01-05,2020-01,近畿クラブスフィーダ,12,,中田雄大,4,■,■,■,□,,1,0,0,0.0,0.0,-,0,0,0,-,0,-,13,0,0,6,11.5,2,1,0,50.0
2020-01-05,2020-01,近畿クラブスフィーダ,13,,那須野裕進,4,■,■,■,■,,14,8,1,0.5714285714285714,0.5,2.00,0,0,0,-,2,0.50,9,0,0,2,5.6,0,0,0,-
2020-01-05,2020-01,近畿クラブスフィーダ,16,L,大原悠,4,●,●,●,●,,0,0,0,,,-,0,0,0,-,0,-,0,0,0,0,-,20,8,6,55.0
2020-01-05,2020-01,近畿クラブスフィーダ,19,,東野朋慶,4,■,■,■,■,,27,14,1,0.5185185185185185,0.4814814814814815,3.50,0,0,0,-,1,0.25,20,2,1,9,20.0,54,25,17,62.0
2020-01-05,2020-01,近畿クラブスフィーダ,21,L,吉田裕哉,0,,,,,,0,0,0,,,-,0,0,0,-,0,-,0,0,0,0,-,0,0,0,-
2020-01-05,2020-01,近畿クラブスフィーダ,24,,越智蒼,0,,,,,,0,0,0,,,-,0,0,0,-,0,-,0,0,0,0,-,0,0,0,-
2020-01-05,2020-01,近畿クラブスフィーダ,25,,小磯智紀,4,□,□,□,■,,0,0,0,,,-,0,0,0,-,1,0.25,8,0,0,2,6.2,0,0,0,-
2020-01-05,2020-01,近畿クラブスフィーダ,29,,江口颯人,3,□,,□,□,,3,2,0,0.6666666666666666,0.6666666666666666,0.67,0,0,0,-,1,0.33,0,0,0,0,-,0,0,0,-
2020-01-05,2020-01,奈良ドリーマーズ,1,,渡邊徹,2,□,,□,,,0,0,0,,,-,0,0,0,-,0,-,3,0,1,0,-8.3,0,0,0,-
2020-01-05,2020-01,奈良ドリーマーズ,2,,言上真一,0,,,,,,0,0,0,,,-,0,0,0,-,0,-,0,0,0,0,-,0,0,0,-
2020-01-05,2020-01,奈良ドリーマーズ,3,,壇上正健,4,■,■,■,■,,29,12,5,0.4137931034482759,0.2413793103448276,3.00,7,3,3,42.9,1,0.25,9,0,2,1,-2.8,1,0,0,0.0
2020-01-05,2020-01,奈良ドリーマーズ,4,,下町浩二,4,■,■,■,■,,13,6,1,0.4615384615384616,0.38461538461538464,1.50,0,0,0,-,4,1.00,11,0,0,1,2.3,1,0,0,0.0
2020-01-05,2020-01,奈良ドリーマーズ,5,L,小寺秀哉,4,●,●,●,●,,0,0,0,,,-,0,0,0,-,0,-,0,0,0,0,-,0,0,0,-
2020-01-05,2020-01,奈良ドリーマーズ,7,,有津翔太,4,■,■,■,■,,14,4,2,0.2857142857142857,0.14285714285714285,1.00,0,0,0,-,3,0.75,10,0,2,2,0.0,0,0,0,-
2020-01-05,2020-01,奈良ドリーマーズ,9,,高橋和希,4,■,■,■,■,,4,4,0,1.0,1.0,1.00,0,0,0,-,2,0.50,24,1,1,8,11.5,0,0,0,-
2020-01-05,2020-01,奈良ドリーマーズ,11,,後藤和志,0,,,,,,0,0,0,,,-,0,0,0,-,0,-,0,0,0,0,-,0,0,0,-
2020-01-05,2020-01,奈良ドリーマーズ,12,,川村幸司,4,■,■,■,■,,30,13,1,0.43333333333333335,0.4,3.25,2,1,0,50.0,2,0.50,12,0,0,3,6.2,27,4,8,29.6
2020-01-05,2020-01,奈良ドリーマーズ,14,,杉谷祐磨,0,,,,,,0,0,0,,,-,0,0,0,-,0,-,0,0,0,0,-,0,0,0,-
2020-01-05,2020-01,奈良ドリーマーズ,15,,上竣,2,,□,□,,,7,3,0,0.42857142857142855,0.42857142857142855,1.50,0,0,0,-,0,-,2,1,0,0,50.0,0,0,0,-
2020-01-05,2020-01,奈良ドリーマーズ,16,,片野坂拓人,4,■,■,■,■,,40,22,2,0.55,0.5,5.50,3,2,0,66.7,0,-,19,0,2,6,5.3,43,18,12,55.8
2020-01-05,2020-01,奈良ドリーマーズ,18,,南本大貴,2,,□,□,,,0,0,0,,,-,0,0,0,-,0,-,2,0,0,1,12.5,0,0,0,-
2020-01-05,2020-01,奈良ドリーマーズ,19,L,石渡瑛法,4,〇,〇,〇,〇,,0,0,0,,,-,0,0,0,-,0,-,0,0,0,0,-,15,5,8,60.0
2020-01-11,2020-01,奈良ドリーマーズ,1,,渡邊徹,1,□,,,,,0,0,0,,,-,0,0,0,-,0,-,1,0,0,0,0.0,0,0,0,-
2020-01-11,2020-01,奈良ドリーマーズ,2,,言上真一,2,,,□,□,,0,0,0,,,-,0,0,0,-,0,-,0,0,0,0,-,0,0,0,-
2020-01-11,2020-01,奈良ドリーマーズ,3,,壇上正健,1,■,,,,,4,3,0,0.75,0.75,3.00,2,2,0,100.0,0,-,3,0,0,1,8.3,0,0,0,-
2020-01-11,2020-01,奈良ドリーマーズ,4,,下町浩二,4,■,■,■,■,,18,6,1,0.3333333333333333,0.2777777777777778,1.50,0,0,0,-,2,0.50,15,0,1,3,3.3,0,0,0,-
2020-01-11,2020-01,奈良ドリーマーズ,5,L,小寺秀哉,4,●,●,●,●,,0,0,0,,,-,0,0,0,-,0,-,0,0,0,0,-,0,0,0,-
2020-01-11,2020-01,奈良ドリーマーズ,7,,有津翔太,4,■,■,■,■,,20,6,1,0.3,0.25,1.50,1,0,0,0.0,0,-,13,1,0,6,19.2,0,0,0,-
2020-01-11,2020-01,奈良ドリーマーズ,9,,高橋和希,4,■,■,■,■,,7,2,1,0.2857142857142857,0.14285714285714285,0.50,1,0,0,0.0,0,-,20,2,1,7,17.5,0,0,0,-
2020-01-11,2020-01,奈良ドリーマーズ,11,,後藤和志,0,,,,,,0,0,0,,,-,0,0,0,-,0,-,0,0,0,0,-,0,0,0,-
2020-01-11,2020-01,奈良ドリーマーズ,12,,川村幸司,4,■,■,■,■,,25,8,2,0.32,0.24,2.00,1,0,1,0.0,3,0.75,14,1,2,4,10.7,25,12,7,62.0
2020-01-11,2020-01,奈良ドリーマーズ,14,,杉谷祐磨,0,,,,,,0,0,0,,,-,0,0,0,-,0,-,0,0,0,0,-,0,0,0,-
2020-01-11,2020-01,奈良ドリーマーズ,15,,上竣,4,□,■,■,■,,31,17,1,0.5483870967741935,0.5161290322580645,4.25,10,3,1,30.0,1,0.25,9,0,4,3,-2.8,0,0,0,-
2020-01-11,2020-01,奈良ドリーマーズ,16,,片野坂拓人,4,■,■,■,■,,27,16,2,0.5925925925925926,0.5185185185185185,4.00,4,2,2,50.0,2,0.50,18,1,3,1,2.8,32,14,12,62.5
2020-01-11,2020-01,奈良ドリーマーズ,18,,南本大貴,0,,,,,,0,0,0,,,-,0,0,0,-,0,-,0,0,0,0,-,0,0,0,-
2020-01-11,2020-01,奈良ドリーマーズ,19,L,石渡瑛法,4,〇,〇,〇,〇,,0,0,0,,,-,0,0,0,-,0,-,0,0,0,0,-,16,10,3,71.9
2020-01-11,2020-01,トヨタモビリティ東京スパークル,1,,岩阪健太郎,4,■,■,■,■,,19,8,1,0.42105263157894735,0.3684210526315789,2.00,0,0,0,-,2,0.50,7,1,1,2,17.9,1,0,0,0.0
2020-01-11,2020-01,トヨタモビリティ東京スパークル,2,,為我井太也,4,■,■,■,■,,7,3,1,0.42857142857142855,0.2857142857142857,0.75,0,0,0,-,1,0.25,15,1,4,2,3.3,0,0,0,-
2020-01-11,2020-01,トヨタモビリティ東京スパークル,4,,西河孝太,4,■,■,■,■,,40,15,4,0.375,0.275,3.75,4,0,0,0.0,0,-,16,0,0,1,1.6,18,4,6,38.9
2020-01-11,2020-01,トヨタモビリティ東京スパークル,6,,大貫智博,2,■,■,,,,6,1,0,0.16666666666666666,0.16666666666666666,0.50,0,0,0,-,1,0.50,4,0,0,1,6.2,1,0,1,50.0
2020-01-11,2020-01,トヨタモビリティ東京スパークル,8,,西片圭佑,3,□,□,,■,,11,5,0,0.4545454545454545,0.4545454545454545,1.67,2,1,0,50.0,0,-,6,0,0,0,0.0,0,0,0,-
2020-01-11,2020-01,トヨタモビリティ東京スパークル,9,,大楽祥生,2,,□,□,,,7,2,1,0.2857142857142857,0.14285714285714285,1.00,1,0,1,0.0,0,-,2,0,1,0,-12.5,0,0,0,-
2020-01-11,2020-01,トヨタモビリティ東京スパークル,10,L,野田雄介,4,●,●,●,●,,0,0,0,,,-,0,0,0,-,0,-,0,0,0,0,-,20,9,4,55.0
2020-01-11,2020-01,トヨタモビリティ東京スパークル,13,,田中湧朔,4,□,□,□,□,,0,0,0,,,-,0,0,0,-,0,-,5,0,0,3,15.0,0,0,0,-
2020-01-11,2020-01,トヨタモビリティ東京スパークル,14,,岸海斗,2,,,■,■,,4,1,1,0.25,0.0,0.50,0,0,0,-,1,0.50,5,0,2,2,0.0,0,0,0,-
2020-01-11,2020-01,トヨタモビリティ東京スパークル,15,,新山駿,4,■,■,■,■,,35,15,3,0.42857142857142855,0.3428571428571429,3.75,0,0,0,-,1,0.25,16,0,1,2,1.6,39,21,7,62.8
2020-01-11,2020-01,トヨタモビリティ東京スパークル,21,,伊藤優介,3,■,■,■,,,9,2,0,0.2222222222222222,0.2222222222222222,0.67,0,0,0,-,1,0.33,7,0,0,1,3.6,0,0,0,-
2020-01-11,2020-01,トヨタモビリティ東京スパークル,22,,松枝寿明,0,,,,,,0,0,0,,,-,0,0,0,-,0,-,0,0,0,0,-,0,0,0,-
2020-01-11,2020-01,近畿クラブスフィーダ,3,,河戸俊亮,3,■,■,■,,,6,3,0,0.5,0.5,1.00,0,0,0,-,3,1.00,4,0,0,0,0.0,0,0,0,-
2020-01-11,2020-01,近畿クラブスフィーダ,4,,北村將,3,■,□,■,,,12,3,1,0.25,0.16666666666666666,1.00,0,0,0,-,0,-,4,0,0,0,0.0,9,6,2,77.8
2020-01-11,2020-01,近畿クラブスフィーダ,10,,上山太樹,2,□,□,,,,0,0,0,,,-,0,0,0,-,0,-,2,0,0,0,0.0,0,0,0,-
2020-01-11,2020-01,近畿クラブスフィーダ,11,,本多駿,3,■,■,□,,,18,8,2,0.4444444444444444,0.3333333333333333,2.67,1,0,0,0.0,0,-,7,0,1,0,-3.6,9,1,2,22.2
2020-01-11,2020-01,近畿クラブスフィーダ,12,,中田雄大,3,■,■,□,,,0,0,0,,,-,0,0,0,-,0,-,8,0,0,4,12.5,0,0,0,-
2020-01-11,2020-01,近畿クラブスフィーダ,13,,那須野裕進,3,■,■,■,,,8,5,0,0.625,0.625,1.67,0,0,0,-,2,0.67,9,0,2,1,-2.8,0,0,0,-
2020-01-11,2020-01,近畿クラブスフィーダ,15,,久門伸司,2,□,,□,,,0,0,0,,,-,0,0,0,-,0,-,2,0,2,0,-25.0,0,0,0,-
2020-01-11,2020-01,近畿クラブスフィーダ,21,L,吉田裕哉,3,●,●,●,,,0,0,0,,,-,0,0,0,-,0,-,0,0,0,0,-,10,3,4,50.0
2020-01-11,2020-01,近畿クラブスフィーダ,23,,井上尚人,0,,,,,,0,0,0,,,-,0,0,0,-,0,-,0,0,0,0,-,0,0,0,-
2020-01-11,2020-01,近畿クラブスフィーダ,25,,小磯智紀,2,,□,■,,,2,1,0,0.5,0.5,0.50,0,0,0,-,1,0.50,4,0,0,1,6.2,1,0,1,50.0
2020-01-11,2020-01,近畿クラブスフィーダ,26,,五味登似,3,□,■,■,,,24,8,0,0.3333333333333333,0.3333333333333333,2.67,0,0,0,-,0,-,15,0,2,3,1.7,32,13,9,54.7
2020-01-11,2020-01,近畿クラブスフィーダ,29,,江口颯人,3,■,■,■,,,21,7,2,0.3333333333333333,0.2380952380952381,2.33,0,0,0,-,1,0.33,10,0,0,2,5.0,1,0,1,50.0
2020-01-11,2020-01,サフィルヴァ北海道,1,,青島賢司,1,,□,,,,0,0,0,,,-,0,0,0,-,0,-,1,0,0,1,25.0,1,0,1,50.0
2020-01-11,2020-01,サフィルヴァ北海道,2,L,神園時,3,●,●,●,,,0,0,0,,,-,0,0,0,-,0,-,0,0,0,0,-,23,9,8,56.5
2020-01-11,2020-01,サフィルヴァ北海道,3,,河西智洋,3,■,■,■,,,23,10,2,0.43478260869565216,0.3478260869565217,3.33,4,2,1,50.0,0,-,9,0,3,1,-5.6,22,13,5,70.5
2020-01-11,2020-01,サフィルヴァ北海道,4,,奥田基嗣,3,■,■,■,,,18,7,1,0.3888888888888889,0.3333333333333333,2.33,0,0,0,-,2,0.67,11,3,1,3,31.8,0,0,0,-
2020-01-11,2020-01,サフィルヴァ北海道,5,,吉田康祐,1,,□,,,,1,0,0,0.0,0.0,-,0,0,0,-,0,-,0,0,0,0,-,0,0,0,-
2020-01-11,2020-01,サフィルヴァ北海道,7,,笠原佑斗,3,■,■,■,,,15,8,0,0.5333333333333333,0.5333333333333333,2.67,0,0,0,-,5,1.67,13,1,1,0,5.8,1,1,0,100.0
2020-01-11,2020-01,サフィルヴァ北海道,8,,清水久雄,1,,□,,,,0,0,0,,,-,0,0,0,-,0,-,0,0,0,0,-,0,0,0,-
2020-01-11,2020-01,サフィルヴァ北海道,9,,小林洸,3,■,■,■,,,28,10,4,0.35714285714285715,0.21428571428571427,3.33,11,4,2,36.4,1,0.33,16,2,4,7,17.2,0,0,0,-
2020-01-11,2020-01,サフィルヴァ北海道,10,,三浦拓,0,,,,,,0,0,0,,,-,0,0,0,-,0,-,0,0,0,0,-,0,0,0,-
2020-01-11,2020-01,サフィルヴァ北海道,11,,十良澤太一,3,■,■,■,,,1,0,0,0.0,0.0,-,0,0,0,-,1,0.33,15,0,0,1,1.7,0,0,0,-
2020-01-11,2020-01,サフィルヴァ北海道,15,,河西孔明,2,□,,□,,,0,0,0,,,-,0,0,0,-,0,-,2,0,2,0,-25.0,0,0,0,-
2020-01-11,2020-01,サフィルヴァ北海道,17,,森元貴哉,3,■,■,■,,,32,14,1,0.4375,0.40625,4.67,5,0,1,0.0,0,-,7,0,0,3,10.7,11,6,4,72.7
2020-01-12,2020-01,奈良ドリーマーズ,1,,渡邊徹,0,,,,,,0,0,0,,,-,0,0,0,-,0,-,0,0,0,0,-,0,0,0,-
2020-01-12,2020-01,奈良ドリーマーズ,2,,言上真一,0,,,,,,0,0,0,,,-,0,0,0,-,0,-,0,0,0,0,-,0,0,0,-
2020-01-12,2020-01,奈良ドリーマーズ,3,,壇上正健,0,,,,,,0,0,0,,,-,0,0,0,-,0,-,0,0,0,0,-,0,0,0,-
2020-01-12,2020-01,奈良ドリーマーズ,4,,下町浩二,4,■,■,■,■,,11,6,0,0.5454545454545454,0.5454545454545454,1.50,0,0,0,-,2,0.50,12,0,2,3,2.1,0,0,0,-
2020-01-12,2020-01,奈良ドリーマーズ,5,L,小寺秀哉,4,●,●,●,●,,0,0,0,,,-,0,0,0,-,0,-,0,0,0,0,-,0,0,0,-
2020-01-12,2020-01,奈良ドリーマーズ,7,,有津翔太,4,■,■,■,■,,15,8,0,0.5333333333333333,0.5333333333333333,2.00,4,1,0,25.0,4,1.00,17,3,1,5,23.5,0,0,0,-
2020-01-12,2020-01,奈良ドリーマーズ,9,,高橋和希,4,■,■,■,■,,1,1,0,1.0,1.0,0.25,0,0,0,-,0,-,18,0,2,8,8.3,0,0,0,-
2020-01-12,2020-01,奈良ドリーマーズ,11,,後藤和志,0,,,,,,0,0,0,,,-,0,0,0,-,0,-,0,0,0,0,-,0,0,0,-
2020-01-12,2020-01,奈良ドリーマーズ,12,,川村幸司,4,■,■,■,■,,28,19,1,0.6785714285714286,0.6428571428571429,4.75,2,2,0,100.0,1,0.25,12,2,1,3,20.8,39,10,12,41.0
2020-01-12,2020-01,奈良ドリーマーズ,14,,杉谷祐磨,2,□,,□,,,1,1,0,1.0,1.0,0.50,0,0,0,-,1,0.50,3,0,1,0,-8.3,2,0,0,0.0
2020-01-12,2020-01,奈良ドリーマーズ,15,,上竣,4,■,■,■,■,,33,9,1,0.2727272727272727,0.2424242424242425,2.25,9,2,1,22.2,1,0.25,19,1,6,1,-1.3,0,0,0,-
2020-01-12,2020-01,奈良ドリーマーズ,16,,片野坂拓人,4,■,■,■,■,,23,13,1,0.5652173913043478,0.5217391304347826,3.25,1,1,0,100.0,1,0.25,15,0,4,2,-3.3,10,7,0,70.0
2020-01-12,2020-01,奈良ドリーマーズ,18,,南本大貴,1,,,□,,,0,0,0,,,-,0,0,0,-,0,-,1,0,0,1,25.0,0,0,0,-
2020-01-12,2020-01,奈良ドリーマーズ,19,L,石渡瑛法,4,〇,〇,〇,〇,,0,0,0,,,-,0,0,0,-,0,-,0,0,0,0,-,14,6,3,53.6
2020-01-12,2020-01,サフィルヴァ北海道,1,,青島賢司,2,□,,□,,,0,0,0,,,-,0,0,0,-,0,-,3,0,0,1,8.3,3,2,1,83.3
2020-01-12,2020-01,サフィルヴァ北海道,2,L,神園時,4,●,●,●,●,,0,0,0,,,-,0,0,0,-,0,-,0,0,0,0,-,30,13,8,56.7
2020-01-12,2020-01,サフィルヴァ北海道,3,,河西智洋,4,■,■,■,■,,33,10,2,0.30303030303030304,0.2424242424242425,2.50,2,0,0,0.0,3,0.75,9,0,1,2,2.8,20,10,3,57.5
2020-01-12,2020-01,サフィルヴァ北海道,4,,奥田基嗣,4,■,■,■,■,,14,4,1,0.2857142857142857,0.21428571428571427,1.00,0,0,0,-,1,0.25,11,1,1,2,11.4,0,0,0,-
2020-01-12,2020-01,サフィルヴァ北海道,5,,吉田康祐,3,□,□,,□,,4,2,0,0.5,0.5,0.67,0,0,0,-,1,0.33,0,0,0,0,-,0,0,0,-
2020-01-12,2020-01,サフィルヴァ北海道,7,,笠原佑斗,4,■,■,■,■,,12,5,1,0.4166666666666667,0.3333333333333333,1.25,0,0,0,-,4,1.00,16,2,1,5,18.8,0,0,0,-
2020-01-12,2020-01,サフィルヴァ北海道,8,,清水久雄,2,□,,,□,,0,0,0,,,-,0,0,0,-,0,-,1,0,0,0,0.0,0,0,0,-
2020-01-12,2020-01,サフィルヴァ北海道,9,,小林洸,4,■,■,■,■,,23,6,3,0.2608695652173913,0.13043478260869565,1.50,4,2,0,50.0,2,0.50,6,0,4,1,-12.5,0,0,0,-
2020-01-12,2020-01,サフィルヴァ北海道,10,,三浦拓,0,,,,,,0,0,0,,,-,0,0,0,-,0,-,0,0,0,0,-,0,0,0,-
2020-01-12,2020-01,サフィルヴァ北海道,11,,十良澤太一,4,■,■,■,■,,3,2,0,0.6666666666666666,0.6666666666666666,0.50,0,0,0,-,0,-,20,1,2,12,17.5,1,0,0,0.0
2020-01-12,2020-01,サフィルヴァ北海道,15,,河西孔明,1,,□,,,,3,1,1,0.3333333333333333,0.0,1.00,0,0,0,-,0,-,2,0,0,1,12.5,0,0,0,-
2020-01-12,2020-01,サフィルヴァ北海道,17,,森元貴哉,4,■,■,■,■,,30,8,5,0.26666666666666666,0.1,2.00,6,1,3,16.7,2,0.50,10,0,3,1,-5.0,25,9,7,50.0
2020-01-12,2020-01,近畿クラブスフィーダ,3,,河戸俊亮,0,,,,,,0,0,0,,,-,0,0,0,-,0,-,0,0,0,0,-,0,0,0,-
2020-01-12,2020-01,近畿クラブスフィーダ,4,,北村將,5,■,■,■,■,■,40,18,1,0.45,0.425,3.60,0,0,0,-,0,-,9,0,0,1,2.8,33,21,6,72.7
2020-01-12,2020-01,近畿クラブスフィーダ,10,,上山太樹,1,,□,,,,0,0,0,,,-,0,0,0,-,0,-,1,0,0,0,0.0,0,0,0,-
2020-01-12,2020-01,近畿クラブスフィーダ,11,,本多駿,5,■,■,■,■,■,31,12,6,0.3870967741935484,0.1935483870967742,2.40,9,1,4,11.1,1,0.20,18,1,3,2,4.2,0,0,0,-
2020-01-12,2020-01,近畿クラブスフィーダ,12,,中田雄大,5,■,■,■,■,■,2,2,0,1.0,1.0,0.40,0,0,0,-,0,-,20,0,1,2,1.2,0,0,0,-
2020-01-12,2020-01,近畿クラブスフィーダ,13,,那須野裕進,5,■,■,■,■,■,20,7,0,0.35,0.35,1.40,0,0,0,-,8,1.60,9,0,1,1,0.0,1,0,1,50.0
2020-01-12,2020-01,近畿クラブスフィーダ,15,,久門伸司,5,□,□,□,□,□,0,0,0,,,-,0,0,0,-,0,-,6,0,0,0,0.0,0,0,0,-
2020-01-12,2020-01,近畿クラブスフィーダ,16,L,大原悠,5,●,●,●,●,●,0,0,0,,,-,0,0,0,-,0,-,0,0,0,0,-,22,14,5,75.0
2020-01-12,2020-01,近畿クラブスフィーダ,19,,東野朋慶,5,■,■,■,■,■,47,19,0,0.40425531914893614,0.40425531914893614,3.80,0,0,0,-,2,0.40,18,0,2,4,2.8,26,15,7,71.2
2020-01-12,2020-01,近畿クラブスフィーダ,21,,吉田裕哉,3,,□,,□,□,0,0,0,,,-,0,0,0,-,0,-,6,0,0,0,0.0,4,3,1,87.5
2020-01-12,2020-01,近畿クラブスフィーダ,23,,井上尚人,4,■,■,■,■,,10,3,2,0.3,0.1,0.75,0,0,0,-,0,-,7,0,2,1,-3.6,0,0,0,-
2020-01-12,2020-01,近畿クラブスフィーダ,25,,小磯智紀,3,,,□,□,■,2,0,0,0.0,0.0,-,0,0,0,-,0,-,7,0,0,2,7.1,0,0,0,-
2020-01-12,2020-01,トヨタモビリティ東京スパークル,1,,岩阪健太郎,5,■,■,■,■,■,17,8,2,0.4705882352941176,0.35294117647058826,1.60,0,0,0,-,0,-,13,1,1,1,7.7,1,1,0,100.0
2020-01-12,2020-01,トヨタモビリティ東京スパークル,2,,為我井太也,5,■,■,■,■,■,10,8,0,0.8,0.8,1.60,0,0,0,-,0,-,17,0,3,2,-1.5,0,0,0,-
2020-01-12,2020-01,トヨタモビリティ東京スパークル,4,,西河孝太,5,■,■,■,■,■,36,19,1,0.5277777777777778,0.5,3.80,3,1,1,33.3,1,0.20,18,1,0,2,8.3,29,16,6,65.5
2020-01-12,2020-01,トヨタモビリティ東京スパークル,6,,大貫智博,2,,□,,,□,0,0,0,,,-,0,0,0,-,0,-,0,0,0,0,-,0,0,0,-
2020-01-12,2020-01,トヨタモビリティ東京スパークル,8,,西片圭佑,4,,■,■,■,■,24,7,2,0.2916666666666667,0.2083333333333333,1.75,8,3,0,37.5,0,-,15,1,1,3,10.0,0,0,0,-
2020-01-12,2020-01,トヨタモビリティ東京スパークル,9,,大楽祥生,4,□,,□,□,□,1,1,0,1.0,1.0,0.25,0,0,0,-,0,-,2,1,1,0,37.5,0,0,0,-
2020-01-12,2020-01,トヨタモビリティ東京スパークル,10,L,野田雄介,5,●,●,●,●,●,0,0,0,,,-,0,0,0,-,0,-,0,0,0,0,-,22,18,3,88.6
2020-01-12,2020-01,トヨタモビリティ東京スパークル,13,,田中湧朔,4,□,□,□,□,,0,0,0,,,-,0,0,0,-,0,-,4,0,0,0,0.0,0,0,0,-
2020-01-12,2020-01,トヨタモビリティ東京スパークル,14,,岸海斗,5,■,■,■,■,■,16,8,1,0.5,0.4375,1.60,0,0,0,-,2,0.40,18,0,6,3,-4.2,1,1,0,100.0
2020-01-12,2020-01,トヨタモビリティ東京スパークル,15,,新山駿,5,■,■,■,■,■,54,24,3,0.4444444444444444,0.3888888888888889,4.80,3,1,0,33.3,0,-,15,0,4,1,-5.0,39,26,8,76.9
2020-01-12,2020-01,トヨタモビリティ東京スパークル,21,,伊藤優介,1,■,,,,,3,0,1,0.0,-0.3333333333333333,-,0,0,0,-,0,-,1,0,0,1,25.0,0,0,0,-
2020-01-12,2020-01,トヨタモビリティ東京スパークル,22,,松枝寿明,0,,,,,,0,0,0,,,-,0,0,0,-,0,-,0,0,0,0,-,0,0,0,-
2020-01-18,2020-01,サフィルヴァ北海道,1,,青島賢司,1,,□,,,,0,0,0,,,-,0,0,0,-,0,-,1,0,0,0,0.0,1,1,0,100.0
2020-01-18,2020-01,サフィルヴァ北海道,2,L,神園時,3,●,●,●,,,0,0,0,,,-,0,0,0,-,0,-,0,0,0,0,-,18,14,2,83.3
2020-01-18,2020-01,サフィルヴァ北海道,3,,河西智洋,3,■,■,■,,,22,12,2,0.5454545454545454,0.4545454545454545,4.00,1,0,1,0.0,1,0.33,8,0,2,0,-6.2,23,14,7,76.1
2020-01-18,2020-01,サフィルヴァ北海道,4,,奥田基嗣,3,■,■,■,,,13,8,0,0.6153846153846154,0.6153846153846154,2.67,0,0,0,-,4,1.33,13,1,1,2,9.6,0,0,0,-
2020-01-18,2020-01,サフィルヴァ北海道,5,,吉田康祐,0,,,,,,0,0,0,,,-,0,0,0,-,0,-,0,0,0,0,-,0,0,0,-
2020-01-18,2020-01,サフィルヴァ北海道,6,,阿部誠樹,2,,□,□,,,7,5,1,0.7142857142857143,0.5714285714285714,2.50,2,2,0,100.0,0,-,3,0,0,0,0.0,0,0,0,-
2020-01-18,2020-01,サフィルヴァ北海道,7,,笠原佑斗,3,■,■,■,,,14,5,0,0.35714285714285715,0.35714285714285715,1.67,0,0,0,-,6,2.00,11,0,2,0,-4.5,0,0,0,-
2020-01-18,2020-01,サフィルヴァ北海道,8,,清水久雄,1,,□,,,,0,0,0,,,-,0,0,0,-,0,-,2,0,1,0,-12.5,1,0,0,0.0
2020-01-18,2020-01,サフィルヴァ北海道,9,,小林洸,3,■,■,■,,,17,6,3,0.35294117647058826,0.17647058823529413,2.00,6,0,1,0.0,0,-,11,1,1,1,9.1,0,0,0,-
2020-01-18,2020-01,サフィルヴァ北海道,10,,三浦拓,0,,,,,,0,0,0,,,-,0,0,0,-,0,-,0,0,0,0,-,0,0,0,-
2020-01-18,2020-01,サフィルヴァ北海道,11,,十良澤太一,3,■,■,■,,,0,0,0,,,-,0,0,0,-,0,-,16,2,0,4,18.8,0,0,0,-
2020-01-18,2020-01,サフィルヴァ北海道,12,,白戸謙伸,0,,,,,,0,0,0,,,-,0,0,0,-,0,-,0,0,0,0,-,0,0,0,-
2020-01-18,2020-01,サフィルヴァ北海道,14,,山口拓馬,0,,,,,,0,0,0,,,-,0,0,0,-,0,-,0,0,0,0,-,0,0,0,-
2020-01-18,2020-01,サフィルヴァ北海道,17,,森元貴哉,3,■,■,■,,,40,13,4,0.325,0.225,4.33,8,2,1,25.0,0,-,9,0,1,2,2.8,17,16,1,97.1
2020-01-18,2020-01,近畿クラブスフィーダ,3,,河戸俊亮,3,■,■,■,,,7,2,0,0.2857142857142857,0.2857142857142857,0.67,0,0,0,-,3,1.00,8,1,0,0,12.5,0,0,0,-
2020-01-18,2020-01,近畿クラブスフィーダ,4,,北村將,3,■,■,■,,,23,9,0,0.39130434782608703,0.39130434782608703,3.00,0,0,0,-,0,-,7,0,0,0,0.0,41,17,17,62.2
2020-01-18,2020-01,近畿クラブスフィーダ,6,,江崎闘愛,2,■,■,,,,23,5,3,0.21739130434782608,0.08695652173913042,2.50,5,1,0,20.0,0,-,5,0,1,0,-5.0,0,0,0,-
2020-01-18,2020-01,近畿クラブスフィーダ,10,,上山太樹,3,□,□,□,,,0,0,0,,,-,0,0,0,-,0,-,4,0,0,1,6.2,0,0,0,-
2020-01-18,2020-01,近畿クラブスフィーダ,11,,本多駿,3,■,■,■,,,19,8,1,0.42105263157894735,0.3684210526315789,2.67,1,0,1,0.0,4,1.33,9,0,1,0,-2.8,9,4,2,55.6
2020-01-18,2020-01,近畿クラブスフィーダ,12,,中田雄大,1,■,,,,,0,0,0,,,-,0,0,0,-,1,1.00,1,0,0,0,0.0,0,0,0,-
2020-01-18,2020-01,近畿クラブスフィーダ,13,,那須野裕進,3,■,■,■,,,7,2,0,0.2857142857142857,0.2857142857142857,0.67,0,0,0,-,1,0.33,11,0,2,0,-4.5,0,0,0,-
2020-01-18,2020-01,近畿クラブスフィーダ,16,L,大原悠,3,●,●,●,,,0,0,0,,,-,0,0,0,-,0,-,0,0,0,0,-,12,9,1,79.2
2020-01-18,2020-01,近畿クラブスフィーダ,24,,越智蒼,0,,,,,,0,0,0,,,-,0,0,0,-,0,-,0,0,0,0,-,0,0,0,-
2020-01-18,2020-01,近畿クラブスフィーダ,25,,小磯智紀,3,□,■,■,,,2,2,0,1.0,1.0,0.67,0,0,0,-,0,-,8,0,0,1,3.1,0,0,0,-
2020-01-18,2020-01,近畿クラブスフィーダ,28,,本多泰成,3,□,□,□,,,0,0,0,,,-,0,0,0,-,0,-,3,0,0,0,0.0,2,1,1,75.0
2020-01-18,2020-01,近畿クラブスフィーダ,29,,江口颯人,3,□,□,■,,,11,6,0,0.5454545454545454,0.5454545454545454,2.00,1,1,0,100.0,0,-,8,0,0,2,6.2,2,1,1,75.0
2020-01-19,2020-01,サフィルヴァ北海道,1,,青島賢司,3,□,□,□,,,0,0,0,,,-,0,0,0,-,0,-,3,0,0,0,0.0,3,0,2,33.3
2020-01-19,2020-01,サフィルヴァ北海道,2,L,神園時,3,●,●,●,,,0,0,0,,,-,0,0,0,-,0,-,0,0,0,0,-,12,6,3,62.5
2020-01-19,2020-01,サフィルヴァ北海道,3,,河西智洋,3,■,■,■,,,29,12,2,0.4137931034482759,0.3448275862068966,4.00,1,0,0,0.0,0,-,20,3,4,6,17.5,25,17,4,76.0
2020-01-19,2020-01,サフィルヴァ北海道,4,,奥田基嗣,3,■,■,■,,,10,5,2,0.5,0.3,1.67,0,0,0,-,1,0.33,8,1,1,3,18.8,1,0,1,50.0
2020-01-19,2020-01,サフィルヴァ北海道,5,,吉田康祐,1,,,□,,,3,2,0,0.6666666666666666,0.6666666666666666,2.00,0,0,0,-,0,-,3,0,0,0,0.0,0,0,0,-
2020-01-19,2020-01,サフィルヴァ北海道,6,,阿部誠樹,3,□,□,■,,,12,7,1,0.5833333333333334,0.5,2.33,1,0,0,0.0,3,1.00,5,0,1,2,5.0,0,0,0,-
2020-01-19,2020-01,サフィルヴァ北海道,7,,笠原佑斗,3,■,■,■,,,11,4,1,0.3636363636363637,0.2727272727272727,1.33,0,0,0,-,2,0.67,9,0,1,2,2.8,1,1,0,100.0
2020-01-19,2020-01,サフィルヴァ北海道,8,,清水久雄,1,□,,,,,0,0,0,,,-,0,0,0,-,0,-,1,0,0,0,0.0,0,0,0,-
2020-01-19,2020-01,サフィルヴァ北海道,9,,小林洸,2,■,■,,,,11,2,1,0.18181818181818185,0.09090909090909093,1.00,5,1,1,20.0,0,-,5,0,1,2,5.0,0,0,0,-
2020-01-19,2020-01,サフィルヴァ北海道,10,,三浦拓,1,,,□,,,0,0,0,,,-,0,0,0,-,0,-,0,0,0,0,-,0,0,0,-
2020-01-19,2020-01,サフィルヴァ北海道,11,,十良澤太一,3,■,■,■,,,0,0,0,,,-,0,0,0,-,1,0.33,10,0,1,4,7.5,0,0,0,-
2020-01-19,2020-01,サフィルヴァ北海道,12,,白戸謙伸,0,,,,,,0,0,0,,,-,0,0,0,-,0,-,0,0,0,0,-,0,0,0,-
2020-01-19,2020-01,サフィルヴァ北海道,15,,河西孔明,0,,,,,,0,0,0,,,-,0,0,0,-,0,-,0,0,0,0,-,0,0,0,-
2020-01-19,2020-01,サフィルヴァ北海道,17,,森元貴哉,3,■,■,■,,,25,15,0,0.6,0.6,5.00,6,4,0,66.7,0,-,10,0,2,2,0.0,18,10,6,72.2
2020-01-19,2020-01,トヨタモビリティ東京スパークル,1,,岩阪健太郎,3,■,■,■,,,13,7,1,0.5384615384615384,0.4615384615384616,2.33,0,0,0,-,2,0.67,7,0,0,0,0.0,0,0,0,-
2020-01-19,2020-01,トヨタモビリティ東京スパークル,2,,為我井太也,3,■,■,■,,,3,1,0,0.3333333333333333,0.3333333333333333,0.33,0,0,0,-,0,-,9,0,2,0,-5.6,0,0,0,-
2020-01-19,2020-01,トヨタモビリティ東京スパークル,4,,西河孝太,3,■,■,■,,,26,9,1,0.3461538461538461,0.3076923076923077,3.00,0,0,0,-,0,-,8,0,0,1,3.1,21,7,5,45.2
2020-01-19,2020-01,トヨタモビリティ東京スパークル,5,L,峰尾拓,3,●,●,●,,,0,0,0,,,-,0,0,0,-,0,-,0,0,0,0,-,15,9,2,66.7
2020-01-19,2020-01,トヨタモビリティ東京スパークル,6,,大貫智博,1,■,,,,,4,0,0,0.0,0.0,-,0,0,0,-,0,-,4,0,0,2,12.5,0,0,0,-
2020-01-19,2020-01,トヨタモビリティ東京スパークル,7,,石井琢也,3,■,■,■,,,21,6,0,0.2857142857142857,0.2857142857142857,2.00,1,0,0,0.0,0,-,12,0,0,3,6.2,2,0,1,25.0
2020-01-19,2020-01,トヨタモビリティ東京スパークル,8,,西片圭佑,2,□,,□,,,1,1,0,1.0,1.0,0.50,0,0,0,-,0,-,1,0,0,0,0.0,0,0,0,-
2020-01-19,2020-01,トヨタモビリティ東京スパークル,11,,早川紘司,0,,,,,,0,0,0,,,-,0,0,0,-,0,-,0,0,0,0,-,0,0,0,-
2020-01-19,2020-01,トヨタモビリティ東京スパークル,12,,宇野佑樹,0,,,,,,0,0,0,,,-,0,0,0,-,0,-,0,0,0,0,-,0,0,0,-
2020-01-19,2020-01,トヨタモビリティ東京スパークル,13,,田中湧朔,3,□,□,□,,,0,0,0,,,-,0,0,0,-,0,-,4,0,1,0,-6.2,0,0,0,-
2020-01-19,2020-01,トヨタモビリティ東京スパークル,14,,岸海斗,2,,■,■,,,4,2,0,0.5,0.5,1.00,0,0,0,-,0,-,8,0,2,1,-3.1,1,1,0,100.0
2020-01-19,2020-01,トヨタモビリティ東京スパークル,15,,新山駿,3,■,■,■,,,30,13,3,0.43333333333333335,0.3333333333333333,4.33,2,0,1,0.0,0,-,11,0,2,3,2.3,23,15,1,67.4
2020-01-19,2020-01,トヨタモビリティ東京スパークル,18,,鈴木浩大,3,□,□,□,,,0,0,0,,,-,0,0,0,-,0,-,3,0,0,0,0.0,0,0,0,-
2020-01-19,2020-01,トヨタモビリティ東京スパークル,21,,伊藤優介,0,,,,,,0,0,0,,,-,0,0,0,-,0,-,0,0,0,0,-,0,0,0,-
2020-02-01,2020-02,近畿クラブスフィーダ,3,,河戸俊亮,3,■,■,■,,,5,4,0,0.8,0.8,1.33,0,0,0,-,1,0.33,8,0,0,1,3.1,0,0,0,-
2020-02-01,2020-02,近畿クラブスフィーダ,4,,北村將,2,,□,□,,,0,0,0,,,-,0,0,0,-,0,-,3,0,0,1,8.3,0,0,0,-
2020-02-01,2020-02,近畿クラブスフィーダ,5,,今中聖也,0,,,,,,0,0,0,,,-,0,0,0,-,0,-,0,0,0,0,-,0,0,0,-
2020-02-01,2020-02,近畿クラブスフィーダ,6,,江崎闘愛,3,■,■,■,,,33,13,1,0.3939393939393939,0.3636363636363637,4.33,15,6,0,40.0,3,1.00,8,0,2,2,0.0,0,0,0,-
2020-02-01,2020-02,近畿クラブスフィーダ,8,,中谷芹,1,□,,,,,0,0,0,,,-,0,0,0,-,0,-,1,0,0,0,0.0,0,0,0,-
2020-02-01,2020-02,近畿クラブスフィーダ,9,,中野倭,3,■,■,■,,,2,1,0,0.5,0.5,0.33,1,0,0,0.0,1,0.33,18,0,3,8,6.9,0,0,0,-
2020-02-01,2020-02,近畿クラブスフィーダ,11,,本多駿,3,■,■,■,,,18,9,0,0.5,0.5,3.00,6,3,0,50.0,0,-,12,0,1,4,6.2,3,2,0,66.7
2020-02-01,2020-02,近畿クラブスフィーダ,12,,中田雄大,2,□,,□,,,0,0,0,,,-,0,0,0,-,0,-,2,0,0,0,0.0,0,0,0,-
2020-02-01,2020-02,近畿クラブスフィーダ,13,,那須野裕進,3,■,■,■,,,10,4,0,0.4,0.4,1.33,0,0,0,-,4,1.33,8,0,1,2,3.1,0,0,0,-
2020-02-01,2020-02,近畿クラブスフィーダ,16,L,大原悠,3,●,●,●,,,0,0,0,,,-,0,0,0,-,0,-,0,0,0,0,-,14,9,4,78.6
2020-02-01,2020-02,近畿クラブスフィーダ,19,,東野朋慶,3,■,■,■,,,24,11,0,0.4583333333333333,0.4583333333333333,3.67,1,1,0,100.0,2,0.67,9,0,1,2,2.8,38,9,14,42.1
2020-02-01,2020-02,近畿クラブスフィーダ,21,L,吉田裕哉,0,,,,,,0,0,0,,,-,0,0,0,-,0,-,0,0,0,0,-,0,0,0,-
2020-02-01,2020-02,近畿クラブスフィーダ,28,,本多泰成,2,,□,□,,,0,0,0,,,-,0,0,0,-,0,-,4,0,0,2,12.5,0,0,0,-
2020-02-01,2020-02,サフィルヴァ北海道,1,,青島賢司,3,□,□,□,,,2,0,0,0.0,0.0,-,0,0,0,-,0,-,6,0,0,1,4.2,3,2,1,83.3
2020-02-01,2020-02,サフィルヴァ北海道,2,L,神園時,3,●,●,●,,,0,0,0,,,-,0,0,0,-,0,-,0,0,0,0,-,23,5,8,39.1
2020-02-01,2020-02,サフィルヴァ北海道,3,,河西智洋,3,■,■,■,,,29,9,5,0.3103448275862069,0.13793103448275862,3.00,2,0,0,0.0,0,-,11,0,2,2,0.0,17,9,1,55.9
2020-02-01,2020-02,サフィルヴァ北海道,4,,奥田基嗣,3,■,■,■,,,11,9,1,0.8181818181818182,0.7272727272727273,3.00,0,0,0,-,2,0.67,8,0,1,2,3.1,0,0,0,-
2020-02-01,2020-02,サフィルヴァ北海道,5,,吉田康祐,0,,,,,,0,0,0,,,-,0,0,0,-,0,-,0,0,0,0,-,0,0,0,-
2020-02-01,2020-02,サフィルヴァ北海道,6,,阿部誠樹,3,■,□,■,,,28,11,2,0.3928571428571429,0.32142857142857145,3.67,12,3,2,25.0,0,-,10,0,1,5,10.0,4,3,0,75.0
2020-02-01,2020-02,サフィルヴァ北海道,7,,笠原佑斗,3,■,■,■,,,15,6,1,0.4,0.3333333333333333,2.00,0,0,0,-,4,1.33,7,0,1,2,3.6,0,0,0,-
2020-02-01,2020-02,サフィルヴァ北海道,8,,清水久雄,3,■,■,■,,,1,1,0,1.0,1.0,0.33,0,0,0,-,0,-,10,0,1,1,0.0,0,0,0,-
2020-02-01,2020-02,サフィルヴァ北海道,9,,小林洸,2,□,,□,,,0,0,0,,,-,0,0,0,-,0,-,2,0,0,0,0.0,0,0,0,-
2020-02-01,2020-02,サフィルヴァ北海道,10,,三浦拓,0,,,,,,0,0,0,,,-,0,0,0,-,0,-,0,0,0,0,-,0,0,0,-
2020-02-01,2020-02,サフィルヴァ北海道,12,,白戸謙伸,0,,,,,,0,0,0,,,-,0,0,0,-,0,-,0,0,0,0,-,0,0,0,-
2020-02-01,2020-02,サフィルヴァ北海道,14,,山口拓馬,0,,,,,,0,0,0,,,-,0,0,0,-,0,-,0,0,0,0,-,0,0,0,-
2020-02-01,2020-02,サフィルヴァ北海道,17,,森元貴哉,3,■,■,■,,,23,4,0,0.17391304347826084,0.17391304347826084,1.33,6,1,0,16.7,0,-,9,0,2,4,5.6,18,8,6,61.1
2020-02-01,2020-02,サフィルヴァ北海道,21,,柿崎充,1,,■,,,,2,0,1,0.0,-0.5,-,0,0,0,-,0,-,0,0,0,0,-,0,0,0,-
2020-02-01,2020-02,奈良ドリーマーズ,1,,渡邊徹,1,□,,,,,0,0,0,,,-,0,0,0,-,0,-,1,0,0,0,0.0,0,0,0,-
2020-02-01,2020-02,奈良ドリーマーズ,2,,言上真一,1,,,,□,,0,0,0,,,-,0,0,0,-,0,-,1,0,0,0,0.0,0,0,0,-
2020-02-01,2020-02,奈良ドリーマーズ,3,,壇上正健,0,,,,,,0,0,0,,,-,0,0,0,-,0,-,0,0,0,0,-,0,0,0,-
2020-02-01,2020-02,奈良ドリーマーズ,4,,下町浩二,4,■,■,■,■,,13,7,2,0.5384615384615384,0.38461538461538464,1.75,0,0,0,-,1,0.25,16,1,0,4,12.5,0,0,0,-
2020-02-01,2020-02,奈良ドリーマーズ,5,L,小寺秀哉,4,●,●,●,●,,0,0,0,,,-,0,0,0,-,0,-,0,0,0,0,-,0,0,0,-
2020-02-01,2020-02,奈良ドリーマーズ,7,,有津翔太,4,■,■,■,■,,22,13,1,0.5909090909090909,0.5454545454545454,3.25,1,1,0,100.0,2,0.50,13,0,2,4,3.8,0,0,0,-
2020-02-01,2020-02,奈良ドリーマーズ,9,,高橋和希,4,■,■,■,■,,1,0,0,0.0,0.0,-,0,0,0,-,1,0.25,16,0,2,3,1.6,0,0,0,-
2020-02-01,2020-02,奈良ドリーマーズ,11,,後藤和志,1,,,,□,,1,1,0,1.0,1.0,1.00,1,1,0,100.0,0,-,1,0,1,0,-25.0,0,0,0,-
2020-02-01,2020-02,奈良ドリーマーズ,12,,川村幸司,4,■,■,■,■,,30,17,3,0.5666666666666667,0.4666666666666667,4.25,2,1,0,50.0,0,-,15,0,1,6,8.3,36,7,16,41.7
2020-02-01,2020-02,奈良ドリーマーズ,14,,杉谷祐磨,1,,,□,,,0,0,0,,,-,0,0,0,-,0,-,2,0,0,0,0.0,0,0,0,-
2020-02-01,2020-02,奈良ドリーマーズ,15,,上竣,4,■,■,■,■,,23,11,2,0.4782608695652174,0.39130434782608703,2.75,8,3,1,37.5,1,0.25,14,0,4,3,-1.8,0,0,0,-
2020-02-01,2020-02,奈良ドリーマーズ,16,,片野坂拓人,4,■,■,■,■,,24,13,2,0.5416666666666666,0.4583333333333333,3.25,4,3,0,75.0,1,0.25,18,0,0,3,4.2,10,6,3,75.0
2020-02-01,2020-02,奈良ドリーマーズ,18,,南本大貴,1,□,,,,,0,0,0,,,-,0,0,0,-,0,-,1,0,0,0,0.0,0,0,0,-
2020-02-01,2020-02,奈良ドリーマーズ,19,L,石渡瑛法,4,〇,〇,〇,〇,,0,0,0,,,-,0,0,0,-,0,-,0,0,0,0,-,15,5,5,50.0
2020-02-01,2020-02,トヨタモビリティ東京スパークル,1,,岩阪健太郎,4,■,■,■,■,,15,9,1,0.6,0.5333333333333333,2.25,0,0,0,-,2,0.50,10,0,0,2,5.0,0,0,0,-
2020-02-01,2020-02,トヨタモビリティ東京スパークル,2,,為我井太也,4,■,■,■,■,,22,10,4,0.4545454545454545,0.2727272727272727,2.50,1,1,0,100.0,0,-,13,1,5,2,1.9,0,0,0,-
2020-02-01,2020-02,トヨタモビリティ東京スパークル,4,,西河孝太,4,■,■,■,■,,40,15,3,0.375,0.3,3.75,2,0,1,0.0,1,0.25,11,0,1,2,2.3,56,13,28,48.2
2020-02-01,2020-02,トヨタモビリティ東京スパークル,5,L,峰尾拓,4,●,●,●,●,,0,0,0,,,-,0,0,0,-,0,-,0,0,0,0,-,26,13,8,65.4
2020-02-01,2020-02,トヨタモビリティ東京スパークル,6,,大貫智博,3,■,■,■,,,8,2,0,0.25,0.25,0.67,0,0,0,-,1,0.33,4,0,1,1,0.0,0,0,0,-
2020-02-01,2020-02,トヨタモビリティ東京スパークル,13,,田中湧朔,4,□,□,□,□,,0,0,0,,,-,0,0,0,-,0,-,5,0,2,0,-10.0,1,1,0,100.0
2020-02-01,2020-02,トヨタモビリティ東京スパークル,14,,岸海斗,4,□,□,■,■,,17,5,3,0.29411764705882354,0.1176470588235294,1.25,1,0,1,0.0,0,-,7,0,1,2,3.6,3,1,0,33.3
2020-02-01,2020-02,トヨタモビリティ東京スパークル,17,,筧颯斗,4,□,□,□,□,,0,0,0,,,-,0,0,0,-,0,-,4,0,2,1,-6.2,0,0,0,-
2020-02-01,2020-02,トヨタモビリティ東京スパークル,18,,鈴木浩大,4,■,■,■,■,,17,4,1,0.2352941176470588,0.17647058823529413,1.00,0,0,0,-,0,-,15,2,4,7,18.3,0,0,0,-
2020-02-01,2020-02,トヨタモビリティ東京スパークル,19,,二宮正夫,1,,,□,,,0,0,0,,,-,0,0,0,-,0,-,2,0,1,0,-12.5,0,0,0,-
2020-02-01,2020-02,トヨタモビリティ東京スパークル,21,,伊藤優介,3,■,■,,■,,6,2,0,0.3333333333333333,0.3333333333333333,0.67,0,0,0,-,1,0.33,8,0,0,2,6.2,1,0,0,0.0
2020-02-01,2020-02,トヨタモビリティ東京スパークル,22,,松枝寿明,0,,,,,,0,0,0,,,-,0,0,0,-,0,-,0,0,0,0,-,0,0,0,-
2020-02-02,2020-02,近畿クラブスフィーダ,3,,河戸俊亮,3,■,■,■,,,7,6,0,0.8571428571428571,0.8571428571428571,2.00,0,0,0,-,2,0.67,6,0,1,2,4.2,0,0,0,-
2020-02-02,2020-02,近畿クラブスフィーダ,4,,北村將,3,□,□,□,,,6,1,1,0.16666666666666666,0.0,0.33,0,0,0,-,0,-,8,0,1,0,-3.1,2,0,2,50.0
2020-02-02,2020-02,近畿クラブスフィーダ,6,,江崎闘愛,3,■,■,■,,,20,13,0,0.65,0.65,4.33,7,6,0,85.7,2,0.67,5,0,3,0,-15.0,0,0,0,-
2020-02-02,2020-02,近畿クラブスフィーダ,8,,中谷芹,0,,,,,,0,0,0,,,-,0,0,0,-,0,-,0,0,0,0,-,0,0,0,-
2020-02-02,2020-02,近畿クラブスフィーダ,9,,中野倭,3,□,□,■,,,2,0,0,0.0,0.0,-,0,0,0,-,0,-,9,0,2,1,-2.8,0,0,0,-
2020-02-02,2020-02,近畿クラブスフィーダ,10,,上山太樹,0,,,,,,0,0,0,,,-,0,0,0,-,0,-,0,0,0,0,-,0,0,0,-
2020-02-02,2020-02,近畿クラブスフィーダ,11,,本多駿,3,■,■,■,,,23,8,2,0.3478260869565217,0.2608695652173913,2.67,4,0,0,0.0,1,0.33,15,1,2,1,5.0,6,2,2,50.0
2020-02-02,2020-02,近畿クラブスフィーダ,12,,中田雄大,3,■,■,□,,,0,0,0,,,-,0,0,0,-,0,-,5,0,0,2,10.0,0,0,0,-
2020-02-02,2020-02,近畿クラブスフィーダ,13,,那須野裕進,3,■,■,■,,,5,2,0,0.4,0.4,0.67,0,0,0,-,2,0.67,7,0,2,0,-7.1,0,0,0,-
2020-02-02,2020-02,近畿クラブスフィーダ,17,,帖佐力弥,3,□,□,□,,,2,0,1,0.0,-0.5,-,2,0,1,0.0,0,-,3,0,0,0,0.0,0,0,0,-
2020-02-02,2020-02,近畿クラブスフィーダ,19,,東野朋慶,3,■,■,■,,,21,13,1,0.6190476190476191,0.5714285714285714,4.33,1,0,0,0.0,2,0.67,14,0,0,1,1.8,29,17,9,74.1
2020-02-02,2020-02,近畿クラブスフィーダ,21,L,吉田裕哉,2,●,●,,,,0,0,0,,,-,0,0,0,-,0,-,0,0,0,0,-,9,3,4,55.6
2020-02-02,2020-02,近畿クラブスフィーダ,28,L,本多泰成,2,〇,,●,,,0,0,0,,,-,0,0,0,-,0,-,0,0,0,0,-,11,4,6,63.6
2020-02-02,2020-02,近畿クラブスフィーダ,29,,江口颯人,2,,□,□,,,12,5,0,0.4166666666666667,0.4166666666666667,2.50,3,1,0,33.3,1,0.50,5,0,1,1,0.0,0,0,0,-
2020-02-02,2020-02,トヨタモビリティ東京スパークル,1,,岩阪健太郎,3,■,■,■,,,15,4,1,0.26666666666666666,0.2,1.33,0,0,0,-,1,0.33,7,0,1,0,-3.6,2,1,1,75.0
2020-02-02,2020-02,トヨタモビリティ東京スパークル,2,,為我井太也,3,■,■,□,,,6,3,1,0.5,0.3333333333333333,1.00,0,0,0,-,0,-,5,0,1,2,5.0,0,0,0,-
2020-02-02,2020-02,トヨタモビリティ東京スパークル,4,,西河孝太,3,■,■,■,,,25,8,3,0.32,0.2,2.67,2,0,0,0.0,0,-,15,0,1,1,0.0,32,9,18,56.2
2020-02-02,2020-02,トヨタモビリティ東京スパークル,5,L,峰尾拓,3,●,●,●,,,0,0,0,,,-,0,0,0,-,0,-,0,0,0,0,-,13,4,7,57.7
2020-02-02,2020-02,トヨタモビリティ東京スパークル,6,,大貫智博,0,,,,,,0,0,0,,,-,0,0,0,-,0,-,0,0,0,0,-,0,0,0,-
2020-02-02,2020-02,トヨタモビリティ東京スパークル,7,,石井琢也,3,□,■,■,,,31,16,1,0.5161290322580645,0.4838709677419355,5.33,1,0,0,0.0,0,-,6,0,0,0,0.0,4,1,2,50.0
2020-02-02,2020-02,トヨタモビリティ東京スパークル,13,,田中湧朔,2,,□,□,,,0,0,0,,,-,0,0,0,-,0,-,3,0,1,0,-8.3,0,0,0,-
2020-02-02,2020-02,トヨタモビリティ東京スパークル,14,,岸海斗,2,□,,□,,,2,1,0,0.5,0.5,0.50,0,0,0,-,0,-,2,0,0,0,0.0,0,0,0,-
2020-02-02,2020-02,トヨタモビリティ東京スパークル,16,,松本敬三,3,■,■,■,,,27,9,2,0.3333333333333333,0.25925925925925924,3.00,0,0,0,-,0,-,14,1,1,4,12.5,12,4,8,66.7
2020-02-02,2020-02,トヨタモビリティ東京スパークル,17,,筧颯斗,1,□,,,,,0,0,0,,,-,0,0,0,-,0,-,1,0,1,0,-25.0,0,0,0,-
2020-02-02,2020-02,トヨタモビリティ東京スパークル,18,,鈴木浩大,2,■,,■,,,0,0,0,,,-,0,0,0,-,0,-,4,0,1,0,-6.2,1,0,1,50.0
2020-02-02,2020-02,トヨタモビリティ東京スパークル,19,,二宮正夫,0,,,,,,0,0,0,,,-,0,0,0,-,0,-,0,0,0,0,-,0,0,0,-
2020-02-02,2020-02,トヨタモビリティ東京スパークル,21,,伊藤優介,3,■,■,■,,,5,1,0,0.2,0.2,0.33,0,0,0,-,0,-,9,0,2,1,-2.8,0,0,0,-
2020-02-02,2020-02,トヨタモビリティ東京スパークル,22,,松枝寿明,0,,,,,,0,0,0,,,-,0,0,0,-,0,-,0,0,0,0,-,0,0,0,-
2020-02-02,2020-02,奈良ドリーマーズ,1,,渡邊徹,4,□,□,□,□,,0,0,0,,,-,0,0,0,-,0,-,6,0,0,1,4.2,0,0,0,-
2020-02-02,2020-02,奈良ドリーマーズ,2,,言上真一,0,,,,,,0,0,0,,,-,0,0,0,-,0,-,0,0,0,0,-,0,0,0,-
2020-02-02,2020-02,奈良ドリーマーズ,3,,壇上正健,1,□,,,,,0,0,0,,,-,0,0,0,-,0,-,0,0,0,0,-,0,0,0,-
2020-02-02,2020-02,奈良ドリーマーズ,4,,下町浩二,5,■,■,■,■,■,10,6,1,0.6,0.5,1.20,0,0,0,-,3,0.60,13,0,0,2,3.8,0,0,0,-
2020-02-02,2020-02,奈良ドリーマーズ,5,L,小寺秀哉,5,●,●,●,●,●,0,0,0,,,-,0,0,0,-,0,-,0,0,0,0,-,0,0,0,-
2020-02-02,2020-02,奈良ドリーマーズ,7,,有津翔太,5,■,■,■,■,■,23,15,2,0.6521739130434783,0.5652173913043478,3.00,1,1,0,100.0,0,-,13,0,1,1,0.0,0,0,0,-
2020-02-02,2020-02,奈良ドリーマーズ,9,,高橋和希,5,■,■,■,■,■,4,1,0,0.25,0.25,0.20,0,0,0,-,1,0.20,18,0,1,7,8.3,0,0,0,-
2020-02-02,2020-02,奈良ドリーマーズ,11,,後藤和志,0,,,,,,0,0,0,,,-,0,0,0,-,0,-,0,0,0,0,-,0,0,0,-
2020-02-02,2020-02,奈良ドリーマーズ,12,,川村幸司,5,■,■,■,■,■,34,17,2,0.5,0.4411764705882353,3.40,3,1,1,33.3,4,0.80,20,0,5,11,7.5,44,16,11,48.9
2020-02-02,2020-02,奈良ドリーマーズ,14,,杉谷祐磨,2,□,,□,,,0,0,0,,,-,0,0,0,-,0,-,2,0,2,0,-25.0,0,0,0,-
2020-02-02,2020-02,奈良ドリーマーズ,15,,上竣,5,■,■,■,■,■,37,15,3,0.40540540540540543,0.32432432432432434,3.00,10,5,2,50.0,0,-,24,3,7,6,11.5,0,0,0,-
2020-02-02,2020-02,奈良ドリーマーズ,16,,片野坂拓人,5,■,■,■,■,■,49,23,3,0.4693877551020408,0.4081632653061225,4.60,9,3,1,33.3,0,-,25,1,3,1,2.0,30,9,13,51.7
2020-02-02,2020-02,奈良ドリーマーズ,18,,南本大貴,0,,,,,,0,0,0,,,-,0,0,0,-,0,-,0,0,0,0,-,0,0,0,-
2020-02-02,2020-02,奈良ドリーマーズ,19,L,石渡瑛法,5,〇,〇,〇,〇,〇,0,0,0,,,-,0,0,0,-,0,-,0,0,0,0,-,17,2,13,50.0
2020-02-02,2020-02,サフィルヴァ北海道,1,,青島賢司,3,□,□,,,□,0,0,0,,,-,0,0,0,-,0,-,3,0,0,1,8.3,4,0,1,12.5
2020-02-02,2020-02,サフィルヴァ北海道,2,L,神園時,5,●,●,●,●,●,0,0,0,,,-,0,0,0,-,0,-,0,0,0,0,-,22,9,8,59.1
2020-02-02,2020-02,サフィルヴァ北海道,3,,河西智洋,5,■,■,■,■,■,31,12,1,0.3870967741935484,0.3548387096774194,2.40,0,0,0,-,1,0.20,14,0,4,1,-5.4,37,18,10,62.2
2020-02-02,2020-02,サフィルヴァ北海道,4,,奥田基嗣,5,■,■,■,■,■,21,9,1,0.42857142857142855,0.3809523809523809,1.80,0,0,0,-,7,1.40,18,0,2,4,2.8,0,0,0,-
2020-02-02,2020-02,サフィルヴァ北海道,5,,吉田康祐,1,,,□,,,2,0,0,0.0,0.0,-,0,0,0,-,1,1.00,1,0,0,1,25.0,0,0,0,-
2020-02-02,2020-02,サフィルヴァ北海道,6,,阿部誠樹,5,■,■,■,■,■,44,19,7,0.4318181818181818,0.2727272727272727,3.80,14,3,5,21.4,1,0.20,20,1,0,9,16.2,12,4,4,50.0
2020-02-02,2020-02,サフィルヴァ北海道,7,,笠原佑斗,5,■,■,■,■,■,13,5,1,0.38461538461538464,0.3076923076923077,1.00,0,0,0,-,2,0.40,19,0,5,4,-1.3,0,0,0,-
2020-02-02,2020-02,サフィルヴァ北海道,8,,清水久雄,5,■,■,■,■,■,2,0,0,0.0,0.0,-,0,0,0,-,0,-,14,0,0,3,5.4,0,0,0,-
2020-02-02,2020-02,サフィルヴァ北海道,10,,三浦拓,0,,,,,,0,0,0,,,-,0,0,0,-,0,-,0,0,0,0,-,0,0,0,-
2020-02-02,2020-02,サフィルヴァ北海道,12,,白戸謙伸,0,,,,,,0,0,0,,,-,0,0,0,-,0,-,0,0,0,0,-,0,0,0,-
2020-02-02,2020-02,サフィルヴァ北海道,14,,山口拓馬,0,,,,,,0,0,0,,,-,0,0,0,-,0,-,0,0,0,0,-,0,0,0,-
2020-02-02,2020-02,サフィルヴァ北海道,17,,森元貴哉,5,■,■,■,■,■,38,14,2,0.3684210526315789,0.3157894736842105,2.80,1,0,0,0.0,2,0.40,16,0,4,3,-1.6,26,7,10,46.2
2020-02-02,2020-02,サフィルヴァ北海道,21,,柿崎充,2,,,□,□,,0,0,0,,,-,0,0,0,-,0,-,2,0,1,0,-12.5,0,0,0,-
2020-02-08,2020-02,トヨタモビリティ東京スパークル,1,,岩阪健太郎,4,■,■,■,■,,10,5,0,0.5,0.5,1.25,0,0,0,-,2,0.50,9,0,0,0,0.0,0,0,0,-
2020-02-08,2020-02,トヨタモビリティ東京スパークル,2,,為我井太也,4,■,■,■,■,,15,6,2,0.4,0.26666666666666666,1.50,0,0,0,-,0,-,14,0,3,5,3.6,0,0,0,-
2020-02-08,2020-02,トヨタモビリティ東京スパークル,4,,西河孝太,4,■,■,■,■,,26,10,2,0.38461538461538464,0.3076923076923077,2.50,0,0,0,-,1,0.25,13,0,0,3,5.8,22,11,3,56.8
2020-02-08,2020-02,トヨタモビリティ東京スパークル,5,L,峰尾拓,4,●,●,●,●,,0,0,0,,,-,0,0,0,-,0,-,0,0,0,0,-,26,12,5,55.8
2020-02-08,2020-02,トヨタモビリティ東京スパークル,6,,大貫智博,0,,,,,,0,0,0,,,-,0,0,0,-,0,-,0,0,0,0,-,0,0,0,-
2020-02-08,2020-02,トヨタモビリティ東京スパークル,7,,石井琢也,4,■,■,■,■,,35,16,3,0.4571428571428571,0.3714285714285713,4.00,3,0,2,0.0,0,-,12,0,0,2,4.2,16,4,3,34.4
2020-02-08,2020-02,トヨタモビリティ東京スパークル,8,,西片圭佑,2,,□,□,,,6,0,0,0.0,0.0,-,4,0,0,0.0,0,-,2,0,0,2,25.0,0,0,0,-
2020-02-08,2020-02,トヨタモビリティ東京スパークル,9,,大楽祥生,0,,,,,,0,0,0,,,-,0,0,0,-,0,-,0,0,0,0,-,0,0,0,-
2020-02-08,2020-02,トヨタモビリティ東京スパークル,13,,田中湧朔,4,□,□,□,□,,0,0,0,,,-,0,0,0,-,0,-,4,0,1,0,-6.2,1,0,0,0.0
2020-02-08,2020-02,トヨタモビリティ東京スパークル,14,,岸海斗,2,,□,,□,,1,1,0,1.0,1.0,0.50,0,0,0,-,0,-,4,1,0,1,31.2,0,0,0,-
2020-02-08,2020-02,トヨタモビリティ東京スパークル,15,,新山駿,4,■,■,■,■,,29,8,2,0.27586206896551724,0.206896551724138,2.00,1,0,0,0.0,0,-,11,0,2,4,4.5,20,7,5,47.5
2020-02-08,2020-02,トヨタモビリティ東京スパークル,17,,筧颯斗,2,□,,,□,,0,0,0,,,-,0,0,0,-,0,-,3,1,1,1,33.3,0,0,0,-
2020-02-08,2020-02,トヨタモビリティ東京スパークル,18,,鈴木浩大,4,■,■,■,■,,20,2,2,0.1,0.0,0.50,0,0,0,-,1,0.25,11,0,0,6,13.6,0,0,0,-
2020-02-08,2020-02,トヨタモビリティ東京スパークル,28,,槌尾健,0,,,,,,0,0,0,,,-,0,0,0,-,0,-,0,0,0,0,-,0,0,0,-
2020-02-08,2020-02,サフィルヴァ北海道,1,,青島賢司,2,,□,□,,,0,0,0,,,-,0,0,0,-,0,-,3,0,1,1,0.0,0,0,0,-
2020-02-08,2020-02,サフィルヴァ北海道,2,L,神園時,4,●,●,●,●,,0,0,0,,,-,0,0,0,-,0,-,0,0,0,0,-,23,13,8,73.9
2020-02-08,2020-02,サフィルヴァ北海道,3,,河西智洋,4,■,■,■,■,,39,14,4,0.35897435897435903,0.2564102564102564,3.50,2,1,0,50.0,2,0.50,14,0,1,6,8.9,22,12,2,59.1
2020-02-08,2020-02,サフィルヴァ北海道,4,,奥田基嗣,4,■,■,■,■,,7,5,0,0.7142857142857143,0.7142857142857143,1.25,0,0,0,-,1,0.25,12,0,1,4,6.2,2,1,0,50.0
2020-02-08,2020-02,サフィルヴァ北海道,5,,吉田康祐,3,,□,■,■,,17,8,1,0.4705882352941176,0.4117647058823529,2.67,0,0,0,-,3,1.00,8,0,2,2,0.0,0,0,0,-
2020-02-08,2020-02,サフィルヴァ北海道,6,,阿部誠樹,4,■,■,■,■,,27,16,3,0.5925925925925926,0.4814814814814815,4.00,6,2,2,33.3,1,0.25,10,0,0,4,10.0,1,1,0,100.0
2020-02-08,2020-02,サフィルヴァ北海道,7,,笠原佑斗,2,■,■,,,,4,1,0,0.25,0.25,0.50,0,0,0,-,1,0.50,6,0,1,1,0.0,0,0,0,-
2020-02-08,2020-02,サフィルヴァ北海道,8,,清水久雄,3,□,,□,□,,0,0,0,,,-,0,0,0,-,0,-,4,0,1,1,0.0,1,0,0,0.0
2020-02-08,2020-02,サフィルヴァ北海道,9,,小林洸,1,,,,□,,2,0,0,0.0,0.0,-,2,0,0,0.0,0,-,2,0,1,1,0.0,0,0,0,-
2020-02-08,2020-02,サフィルヴァ北海道,10,,三浦拓,1,,□,,,,1,1,0,1.0,1.0,1.00,0,0,0,-,0,-,0,0,0,0,-,0,0,0,-
2020-02-08,2020-02,サフィルヴァ北海道,11,,十良澤太一,4,■,■,■,■,,2,0,0,0.0,0.0,-,0,0,0,-,0,-,22,1,1,9,13.6,0,0,0,-
2020-02-08,2020-02,サフィルヴァ北海道,12,,白戸謙伸,0,,,,,,0,0,0,,,-,0,0,0,-,0,-,0,0,0,0,-,0,0,0,-
2020-02-08,2020-02,サフィルヴァ北海道,17,,森元貴哉,4,■,■,■,■,,32,16,3,0.5,0.40625,4.00,6,2,0,33.3,3,0.75,12,0,0,6,12.5,26,8,6,42.3
2020-02-08,2020-02,サフィルヴァ北海道,21,,柿崎充,3,□,,□,□,,9,3,4,0.3333333333333333,-0.1111111111111111,1.00,0,0,0,-,1,0.33,1,0,0,0,0.0,0,0,0,-
2020-02-09,2020-02,トヨタモビリティ東京スパークル,1,,岩阪健太郎,5,■,■,■,■,■,15,8,0,0.5333333333333333,0.5333333333333333,1.60,0,0,0,-,7,1.40,7,0,0,2,7.1,2,0,1,25.0
2020-02-09,2020-02,トヨタモビリティ東京スパークル,2,,為我井太也,5,■,■,■,■,■,10,1,2,0.1,-0.1,0.20,0,0,0,-,0,-,14,1,3,2,5.4,1,0,0,0.0
2020-02-09,2020-02,トヨタモビリティ東京スパークル,4,,西河孝太,5,■,■,■,■,■,28,15,2,0.5357142857142857,0.4642857142857143,3.00,2,0,1,0.0,3,0.60,18,0,0,2,2.8,55,17,20,49.1
2020-02-09,2020-02,トヨタモビリティ東京スパークル,5,L,峰尾拓,5,●,●,●,●,●,0,0,0,,,-,0,0,0,-,0,-,0,0,0,0,-,15,3,5,36.7
2020-02-09,2020-02,トヨタモビリティ東京スパークル,6,,大貫智博,1,,□,,,,0,0,0,,,-,0,0,0,-,0,-,0,0,0,0,-,0,0,0,-
2020-02-09,2020-02,トヨタモビリティ東京スパークル,7,,石井琢也,5,■,■,■,■,■,34,11,1,0.3235294117647059,0.29411764705882354,2.20,4,0,0,0.0,1,0.20,12,0,0,3,6.2,1,0,0,0.0
2020-02-09,2020-02,トヨタモビリティ東京スパークル,8,,西片圭佑,5,□,□,□,□,□,6,2,0,0.3333333333333333,0.3333333333333333,0.40,3,0,0,0.0,1,0.20,8,1,0,2,18.8,0,0,0,-
2020-02-09,2020-02,トヨタモビリティ東京スパークル,9,,大楽祥生,2,,□,,,□,0,0,0,,,-,0,0,0,-,0,-,4,0,1,3,12.5,0,0,0,-
2020-02-09,2020-02,トヨタモビリティ東京スパークル,13,,田中湧朔,2,□,,□,,,0,0,0,,,-,0,0,0,-,0,-,3,0,2,1,-8.3,0,0,0,-
2020-02-09,2020-02,トヨタモビリティ東京スパークル,14,,岸海斗,5,■,■,■,■,■,33,12,0,0.3636363636363637,0.3636363636363637,2.40,0,0,0,-,0,-,17,0,0,4,5.9,0,0,0,-
2020-02-09,2020-02,トヨタモビリティ東京スパークル,15,,新山駿,5,■,■,■,■,■,42,7,3,0.16666666666666666,0.09523809523809523,1.40,2,0,1,0.0,1,0.20,16,1,4,5,7.8,13,7,4,69.2
2020-02-09,2020-02,トヨタモビリティ東京スパークル,16,,松本敬三,1,□,,,,,0,0,0,,,-,0,0,0,-,0,-,1,0,0,0,0.0,0,0,0,-
2020-02-09,2020-02,トヨタモビリティ東京スパークル,17,,筧颯斗,1,,,,□,,0,0,0,,,-,0,0,0,-,0,-,1,0,1,0,-25.0,0,0,0,-
2020-02-09,2020-02,トヨタモビリティ東京スパークル,18,,鈴木浩大,2,,,□,,□,0,0,0,,,-,0,0,0,-,0,-,3,0,1,1,0.0,0,0,0,-
2020-02-09,2020-02,奈良ドリーマーズ,1,,渡邊徹,3,□,□,,,□,0,0,0,,,-,0,0,0,-,0,-,3,0,0,1,8.3,0,0,0,-
2020-02-09,2020-02,奈良ドリーマーズ,2,,言上真一,0,,,,,,0,0,0,,,-,0,0,0,-,0,-,0,0,0,0,-,0,0,0,-
2020-02-09,2020-02,奈良ドリーマーズ,3,,壇上正健,0,,,,,,0,0,0,,,-,0,0,0,-,0,-,0,0,0,0,-,0,0,0,-
2020-02-09,2020-02,奈良ドリーマーズ,4,,下町浩二,5,■,■,■,■,■,11,4,2,0.3636363636363637,0.18181818181818185,0.80,0,0,0,-,1,0.20,10,0,1,0,-2.5,1,1,0,100.0
2020-02-09,2020-02,奈良ドリーマーズ,5,L,小寺秀哉,5,●,●,●,●,●,0,0,0,,,-,0,0,0,-,0,-,0,0,0,0,-,0,0,0,-
2020-02-09,2020-02,奈良ドリーマーズ,7,,有津翔太,5,■,■,■,■,■,28,15,0,0.5357142857142857,0.5357142857142857,3.00,3,0,0,0.0,0,-,17,0,1,6,7.4,0,0,0,-
2020-02-09,2020-02,奈良ドリーマーズ,9,,高橋和希,5,■,■,■,■,■,3,1,0,0.3333333333333333,0.3333333333333333,0.20,0,0,0,-,3,0.60,13,1,1,3,11.5,0,0,0,-
2020-02-09,2020-02,奈良ドリーマーズ,11,,後藤和志,4,,□,■,■,■,23,9,5,0.39130434782608703,0.17391304347826084,2.25,7,3,3,42.9,2,0.50,8,1,0,5,28.1,0,0,0,-
2020-02-09,2020-02,奈良ドリーマーズ,12,,川村幸司,5,■,■,■,■,■,36,15,4,0.4166666666666667,0.3055555555555556,3.00,0,0,0,-,1,0.20,18,1,2,4,8.3,29,11,10,55.2
2020-02-09,2020-02,奈良ドリーマーズ,14,,杉谷祐磨,1,,,□,,,0,0,0,,,-,0,0,0,-,0,-,1,0,0,0,0.0,0,0,0,-
2020-02-09,2020-02,奈良ドリーマーズ,15,,上竣,2,■,■,,,,13,4,0,0.3076923076923077,0.3076923076923077,2.00,4,1,0,25.0,1,0.50,6,0,4,1,-12.5,0,0,0,-
2020-02-09,2020-02,奈良ドリーマーズ,16,,片野坂拓人,5,■,■,■,■,■,44,18,7,0.4090909090909091,0.25,3.60,6,2,2,33.3,0,-,23,0,0,10,10.9,32,14,12,62.5
2020-02-09,2020-02,奈良ドリーマーズ,18,,南本大貴,1,,,,□,,0,0,0,,,-,0,0,0,-,0,-,0,0,0,0,-,0,0,0,-
2020-02-09,2020-02,奈良ドリーマーズ,19,L,石渡瑛法,5,〇,〇,〇,〇,〇,0,0,0,,,-,0,0,0,-,0,-,0,0,0,0,-,27,7,9,42.6
2020-02-15,2020-02,近畿クラブスフィーダ,3,,河戸俊亮,2,■,■,,,,5,2,0,0.4,0.4,1.00,0,0,0,-,2,1.00,3,0,0,0,0.0,0,0,0,-
2020-02-15,2020-02,近畿クラブスフィーダ,5,,今中聖也,1,,,■,,,4,2,0,0.5,0.5,2.00,0,0,0,-,0,-,5,0,0,1,5.0,0,0,0,-
2020-02-15,2020-02,近畿クラブスフィーダ,8,,中谷芹,2,□,□,,,,0,0,0,,,-,0,0,0,-,0,-,2,1,0,0,50.0,0,0,0,-
2020-02-15,2020-02,近畿クラブスフィーダ,9,,中野倭,3,■,■,■,,,1,1,0,1.0,1.0,0.33,0,0,0,-,0,-,11,0,3,1,-4.5,0,0,0,-
2020-02-15,2020-02,近畿クラブスフィーダ,10,,上山太樹,3,□,□,□,,,0,0,0,,,-,0,0,0,-,0,-,7,0,0,0,0.0,0,0,0,-
2020-02-15,2020-02,近畿クラブスフィーダ,11,,本多駿,3,■,■,■,,,19,9,0,0.4736842105263158,0.4736842105263158,3.00,4,2,0,50.0,1,0.33,12,1,1,2,10.4,4,2,0,50.0
2020-02-15,2020-02,近畿クラブスフィーダ,13,,那須野裕進,3,■,■,■,,,8,4,2,0.5,0.25,1.33,0,0,0,-,1,0.33,6,0,1,1,0.0,1,0,1,50.0
2020-02-15,2020-02,近畿クラブスフィーダ,19,,東野朋慶,3,■,■,■,,,27,15,2,0.5555555555555556,0.4814814814814815,5.00,2,2,0,100.0,0,-,14,0,1,0,-1.8,23,16,5,80.4
2020-02-15,2020-02,近畿クラブスフィーダ,25,,小磯智紀,3,□,□,□,,,1,1,0,1.0,1.0,0.33,0,0,0,-,0,-,0,0,0,0,-,0,0,0,-
2020-02-15,2020-02,近畿クラブスフィーダ,26,,五味登似,1,,,□,,,0,0,0,,,-,0,0,0,-,0,-,1,0,0,0,0.0,0,0,0,-
2020-02-15,2020-02,近畿クラブスフィーダ,28,L,本多泰成,3,●,●,●,,,0,0,0,,,-,0,0,0,-,0,-,0,0,0,0,-,22,9,8,59.1
2020-02-15,2020-02,近畿クラブスフィーダ,29,,江口颯人,3,■,■,■,,,33,12,3,0.3636363636363637,0.2727272727272727,4.00,11,3,1,27.3,1,0.33,12,0,1,1,0.0,0,0,0,-
2020-02-15,2020-02,トヨタモビリティ東京スパークル,1,,岩阪健太郎,3,■,■,■,,,16,5,0,0.3125,0.3125,1.67,0,0,0,-,1,0.33,4,0,0,1,6.2,0,0,0,-
2020-02-15,2020-02,トヨタモビリティ東京スパークル,2,,為我井太也,3,■,■,□,,,8,3,0,0.375,0.375,1.00,1,0,0,0.0,0,-,11,0,2,4,4.5,0,0,0,-
2020-02-15,2020-02,トヨタモビリティ東京スパークル,4,,西河孝太,3,■,■,■,,,22,11,2,0.5,0.4090909090909091,3.67,2,1,1,50.0,0,-,9,0,0,0,0.0,35,20,9,70.0
2020-02-15,2020-02,トヨタモビリティ東京スパークル,5,L,峰尾拓,3,●,●,●,,,0,0,0,,,-,0,0,0,-,0,-,0,0,0,0,-,7,6,0,85.7
2020-02-15,2020-02,トヨタモビリティ東京スパークル,6,,大貫智博,1,□,,,,,0,0,0,,,-,0,0,0,-,0,-,0,0,0,0,-,0,0,0,-
2020-02-15,2020-02,トヨタモビリティ東京スパークル,8,,西片圭佑,3,■,■,■,,,14,6,0,0.42857142857142855,0.42857142857142855,2.00,2,0,0,0.0,0,-,9,2,0,0,22.2,0,0,0,-
2020-02-15,2020-02,トヨタモビリティ東京スパークル,13,,田中湧朔,2,,□,□,,,0,0,0,,,-,0,0,0,-,0,-,4,0,1,0,-6.2,0,0,0,-
2020-02-15,2020-02,トヨタモビリティ東京スパークル,14,,岸海斗,3,■,■,■,,,14,5,1,0.35714285714285715,0.2857142857142857,1.67,0,0,0,-,1,0.33,9,0,0,2,5.6,1,0,1,50.0
2020-02-15,2020-02,トヨタモビリティ東京スパークル,15,,新山駿,3,■,■,■,,,23,8,2,0.3478260869565217,0.2608695652173913,2.67,2,0,0,0.0,0,-,9,1,3,0,2.8,22,17,5,88.6
2020-02-15,2020-02,トヨタモビリティ東京スパークル,17,,筧颯斗,1,,,□,,,0,0,0,,,-,0,0,0,-,0,-,1,0,1,0,-25.0,0,0,0,-
2020-02-15,2020-02,トヨタモビリティ東京スパークル,18,,鈴木浩大,2,,□,■,,,2,0,1,0.0,-0.5,-,0,0,0,-,0,-,4,0,2,1,-6.2,0,0,0,-
2020-02-15,2020-02,トヨタモビリティ東京スパークル,21,,伊藤優介,0,,,,,,0,0,0,,,-,0,0,0,-,0,-,0,0,0,0,-,0,0,0,-
2020-02-15,2020-02,トヨタモビリティ東京スパークル,22,,松枝寿明,0,,,,,,0,0,0,,,-,0,0,0,-,0,-,0,0,0,0,-,0,0,0,-
2020-02-15,2020-02,トヨタモビリティ東京スパークル,28,,槌尾健,1,□,,,,,0,0,0,,,-,0,0,0,-,0,-,1,0,0,0,0.0,0,0,0,-
2020-02-15,2020-02,サフィルヴァ北海道,1,,青島賢司,4,□,,□,□,□,0,0,0,,,-,0,0,0,-,0,-,6,0,0,1,4.2,8,4,2,62.5
2020-02-15,2020-02,サフィルヴァ北海道,2,L,神園時,5,●,●,●,●,●,0,0,0,,,-,0,0,0,-,0,-,0,0,0,0,-,29,19,5,74.1
2020-02-15,2020-02,サフィルヴァ北海道,3,,河西智洋,5,■,■,■,■,■,33,13,4,0.3939393939393939,0.2727272727272727,2.60,0,0,0,-,5,1.00,14,0,5,2,-5.4,20,11,6,70.0
2020-02-15,2020-02,サフィルヴァ北海道,4,,奥田基嗣,5,■,■,■,■,■,20,11,3,0.55,0.4,2.20,0,0,0,-,2,0.40,14,0,0,4,7.1,0,0,0,-
2020-02-15,2020-02,サフィルヴァ北海道,5,,吉田康祐,1,,□,,,,1,0,0,0.0,0.0,-,0,0,0,-,0,-,2,0,0,0,0.0,0,0,0,-
2020-02-15,2020-02,サフィルヴァ北海道,6,,阿部誠樹,5,■,■,■,■,■,33,15,3,0.4545454545454545,0.3636363636363637,3.00,4,0,2,0.0,1,0.20,13,0,0,2,3.8,22,13,7,75.0
2020-02-15,2020-02,サフィルヴァ北海道,7,,笠原佑斗,5,■,■,■,■,■,14,8,0,0.5714285714285714,0.5714285714285714,1.60,0,0,0,-,5,1.00,14,0,2,1,-1.8,1,0,1,50.0
2020-02-15,2020-02,サフィルヴァ北海道,8,,清水久雄,4,□,,■,■,■,1,1,0,1.0,1.0,0.25,0,0,0,-,0,-,17,0,0,1,1.5,1,0,0,0.0
2020-02-15,2020-02,サフィルヴァ北海道,9,,小林洸,0,,,,,,0,0,0,,,-,0,0,0,-,0,-,0,0,0,0,-,0,0,0,-
2020-02-15,2020-02,サフィルヴァ北海道,10,,三浦拓,0,,,,,,0,0,0,,,-,0,0,0,-,0,-,0,0,0,0,-,0,0,0,-
2020-02-15,2020-02,サフィルヴァ北海道,11,,十良澤太一,3,■,■,,,□,0,0,0,,,-,0,0,0,-,0,-,10,0,0,3,7.5,0,0,0,-
2020-02-15,2020-02,サフィルヴァ北海道,15,,河西孔明,1,,,□,,,0,0,0,,,-,0,0,0,-,0,-,1,0,1,0,-25.0,0,0,0,-
2020-02-15,2020-02,サフィルヴァ北海道,17,,森元貴哉,5,■,■,■,■,■,38,13,1,0.34210526315789475,0.3157894736842105,2.60,2,0,0,0.0,0,-,13,0,1,2,1.9,11,6,1,59.1
2020-02-15,2020-02,サフィルヴァ北海道,21,,柿崎充,2,□,,,,□,3,0,0,0.0,0.0,-,0,0,0,-,0,-,0,0,0,0,-,0,0,0,-
2020-02-15,2020-02,奈良ドリーマーズ,2,,言上真一,0,,,,,,0,0,0,,,-,0,0,0,-,0,-,0,0,0,0,-,0,0,0,-
2020-02-15,2020-02,奈良ドリーマーズ,3,,壇上正健,2,,,□,■,,9,4,1,0.4444444444444444,0.3333333333333333,2.00,0,0,0,-,0,-,4,0,0,0,0.0,0,0,0,-
2020-02-15,2020-02,奈良ドリーマーズ,4,,下町浩二,5,■,■,■,□,■,9,3,1,0.3333333333333333,0.2222222222222222,0.60,0,0,0,-,2,0.40,15,0,1,1,0.0,0,0,0,-
2020-02-15,2020-02,奈良ドリーマーズ,5,L,小寺秀哉,5,●,●,●,●,●,0,0,0,,,-,0,0,0,-,0,-,0,0,0,0,-,0,0,0,-
2020-02-15,2020-02,奈良ドリーマーズ,7,,有津翔太,5,■,■,■,■,■,22,11,0,0.5,0.5,2.20,0,0,0,-,5,1.00,12,0,1,3,4.2,0,0,0,-
2020-02-15,2020-02,奈良ドリーマーズ,9,,高橋和希,5,■,■,■,■,■,1,0,0,0.0,0.0,-,0,0,0,-,3,0.60,15,1,2,4,10.0,0,0,0,-
2020-02-15,2020-02,奈良ドリーマーズ,11,,後藤和志,5,□,■,■,■,■,14,4,4,0.2857142857142857,0.0,0.80,2,0,1,0.0,1,0.20,16,1,3,5,9.4,1,1,0,100.0
2020-02-15,2020-02,奈良ドリーマーズ,12,,川村幸司,5,■,■,■,■,■,42,19,2,0.4523809523809524,0.4047619047619048,3.80,4,3,0,75.0,0,-,19,0,2,2,0.0,33,15,9,59.1
2020-02-15,2020-02,奈良ドリーマーズ,14,,杉谷祐磨,1,,,,,□,0,0,0,,,-,0,0,0,-,0,-,3,0,0,0,0.0,0,0,0,-
2020-02-15,2020-02,奈良ドリーマーズ,15,,上竣,2,■,,□,,,10,3,1,0.3,0.2,1.50,1,1,0,100.0,1,0.50,3,0,2,0,-16.7,0,0,0,-
2020-02-15,2020-02,奈良ドリーマーズ,16,,片野坂拓人,5,■,■,■,■,■,49,25,4,0.5102040816326531,0.42857142857142855,5.00,6,2,2,33.3,0,-,18,1,2,1,4.2,32,21,6,75.0
2020-02-15,2020-02,奈良ドリーマーズ,17,,碩幸輝,1,,,,□,,0,0,0,,,-,0,0,0,-,0,-,2,0,0,0,0.0,0,0,0,-
2020-02-15,2020-02,奈良ドリーマーズ,18,,南本大貴,0,,,,,,0,0,0,,,-,0,0,0,-,0,-,0,0,0,0,-,0,0,0,-
2020-02-15,2020-02,奈良ドリーマーズ,19,L,石渡瑛法,5,〇,〇,〇,〇,〇,0,0,0,,,-,0,0,0,-,0,-,0,0,0,0,-,29,18,9,77.6
2020-02-16,2020-02,近畿クラブスフィーダ,3,,河戸俊亮,4,■,■,■,■,,6,4,0,0.6666666666666666,0.6666666666666666,1.00,0,0,0,-,3,0.75,7,0,0,0,0.0,0,0,0,-
2020-02-16,2020-02,近畿クラブスフィーダ,5,,今中聖也,1,,,,■,,4,2,0,0.5,0.5,2.00,0,0,0,-,0,-,3,0,1,0,-8.3,0,0,0,-
2020-02-16,2020-02,近畿クラブスフィーダ,8,,中谷芹,3,,□,□,□,,0,0,0,,,-,0,0,0,-,0,-,5,1,0,0,20.0,0,0,0,-
2020-02-16,2020-02,近畿クラブスフィーダ,9,,中野倭,4,■,■,■,■,,1,1,0,1.0,1.0,0.25,0,0,0,-,3,0.75,11,0,0,1,2.3,0,0,0,-
2020-02-16,2020-02,近畿クラブスフィーダ,10,,上山太樹,3,□,,□,□,,0,0,0,,,-,0,0,0,-,0,-,4,0,0,0,0.0,0,0,0,-
2020-02-16,2020-02,近畿クラブスフィーダ,11,,本多駿,4,■,■,■,■,,31,9,4,0.2903225806451613,0.16129032258064516,2.25,5,1,1,20.0,4,1.00,13,0,0,2,3.8,6,2,0,33.3
2020-02-16,2020-02,近畿クラブスフィーダ,13,,那須野裕進,3,■,■,■,,,6,2,0,0.3333333333333333,0.3333333333333333,0.67,0,0,0,-,1,0.33,12,0,1,2,2.1,0,0,0,-
2020-02-16,2020-02,近畿クラブスフィーダ,19,,東野朋慶,4,■,■,■,■,,27,12,2,0.4444444444444444,0.3703703703703704,3.00,7,3,1,42.9,4,1.00,16,1,3,2,4.7,23,17,1,76.1
2020-02-16,2020-02,近畿クラブスフィーダ,25,,小磯智紀,1,□,,,,,0,0,0,,,-,0,0,0,-,0,-,0,0,0,0,-,0,0,0,-
2020-02-16,2020-02,近畿クラブスフィーダ,26,,五味登似,1,,,□,,,4,0,0,0.0,0.0,-,0,0,0,-,0,-,0,0,0,0,-,0,0,0,-
2020-02-16,2020-02,近畿クラブスフィーダ,28,L,本多泰成,4,●,●,●,●,,0,0,0,,,-,0,0,0,-,0,-,0,0,0,0,-,51,31,11,71.6
2020-02-16,2020-02,近畿クラブスフィーダ,29,,江口颯人,4,■,■,■,■,,45,19,4,0.4222222222222222,0.3333333333333333,4.75,13,6,2,46.2,3,0.75,20,0,0,3,3.8,4,4,0,100.0
2020-02-16,2020-02,奈良ドリーマーズ,1,,渡邊徹,1,,,,□,,0,0,0,,,-,0,0,0,-,0,-,1,0,0,0,0.0,0,0,0,-
2020-02-16,2020-02,奈良ドリーマーズ,3,,壇上正健,0,,,,,,0,0,0,,,-,0,0,0,-,0,-,0,0,0,0,-,0,0,0,-
2020-02-16,2020-02,奈良ドリーマーズ,4,,下町浩二,4,■,■,■,■,,14,6,0,0.42857142857142855,0.42857142857142855,1.50,0,0,0,-,2,0.50,12,0,0,1,2.1,0,0,0,-
2020-02-16,2020-02,奈良ドリーマーズ,5,L,小寺秀哉,4,●,●,●,●,,0,0,0,,,-,0,0,0,-,0,-,0,0,0,0,-,0,0,0,-
2020-02-16,2020-02,奈良ドリーマーズ,7,,有津翔太,4,■,■,■,■,,22,14,2,0.6363636363636364,0.5454545454545454,3.50,0,0,0,-,3,0.75,16,1,2,3,7.8,0,0,0,-
2020-02-16,2020-02,奈良ドリーマーズ,9,,高橋和希,4,■,■,■,■,,1,0,0,0.0,0.0,-,0,0,0,-,1,0.25,17,0,1,3,2.9,0,0,0,-
2020-02-16,2020-02,奈良ドリーマーズ,11,,後藤和志,0,,,,,,0,0,0,,,-,0,0,0,-,0,-,0,0,0,0,-,0,0,0,-
2020-02-16,2020-02,奈良ドリーマーズ,12,,川村幸司,4,■,■,■,■,,28,11,3,0.3928571428571429,0.2857142857142857,2.75,2,1,1,50.0,0,-,11,0,0,1,2.3,18,8,6,61.1
2020-02-16,2020-02,奈良ドリーマーズ,14,,杉谷祐磨,0,,,,,,0,0,0,,,-,0,0,0,-,0,-,0,0,0,0,-,0,0,0,-
2020-02-16,2020-02,奈良ドリーマーズ,15,,上竣,4,■,■,■,■,,30,15,2,0.5,0.43333333333333335,3.75,11,6,1,54.5,0,-,15,3,3,3,20.0,0,0,0,-
2020-02-16,2020-02,奈良ドリーマーズ,16,,片野坂拓人,4,■,■,■,■,,43,18,5,0.4186046511627907,0.3023255813953488,4.50,3,1,2,33.3,0,-,19,1,2,3,6.6,16,13,2,87.5
2020-02-16,2020-02,奈良ドリーマーズ,17,,碩幸輝,2,,□,□,,,0,0,0,,,-,0,0,0,-,0,-,2,0,0,0,0.0,0,0,0,-
2020-02-16,2020-02,奈良ドリーマーズ,18,,南本大貴,0,,,,,,0,0,0,,,-,0,0,0,-,0,-,0,0,0,0,-,0,0,0,-
2020-02-16,2020-02,奈良ドリーマーズ,19,L,石渡瑛法,4,〇,〇,〇,〇,,0,0,0,,,-,0,0,0,-,0,-,0,0,0,0,-,52,41,5,83.7
2020-02-16,2020-02,サフィルヴァ北海道,1,,青島賢司,2,□,□,,,,0,0,0,,,-,0,0,0,-,0,-,2,0,1,0,-12.5,0,0,0,-
2020-02-16,2020-02,サフィルヴァ北海道,2,L,神園時,3,●,●,●,,,0,0,0,,,-,0,0,0,-,0,-,0,0,0,0,-,17,14,2,88.2
2020-02-16,2020-02,サフィルヴァ北海道,3,,河西智洋,3,■,■,■,,,22,6,1,0.2727272727272727,0.2272727272727273,2.00,0,0,0,-,3,1.00,10,0,2,1,-2.5,22,12,6,68.2
2020-02-16,2020-02,サフィルヴァ北海道,4,,奥田基嗣,2,■,,■,,,5,3,1,0.6,0.4,1.50,0,0,0,-,0,-,7,0,0,1,3.6,0,0,0,-
2020-02-16,2020-02,サフィルヴァ北海道,5,,吉田康祐,2,,■,■,,,10,4,0,0.4,0.4,2.00,0,0,0,-,3,1.50,5,0,1,1,0.0,0,0,0,-
2020-02-16,2020-02,サフィルヴァ北海道,6,,阿部誠樹,3,■,■,■,,,22,11,4,0.5,0.3181818181818182,3.67,1,0,0,0.0,0,-,8,0,2,1,-3.1,1,1,0,100.0
2020-02-16,2020-02,サフィルヴァ北海道,7,,笠原佑斗,2,■,■,,,,3,1,0,0.3333333333333333,0.3333333333333333,0.50,0,0,0,-,0,-,11,1,1,2,11.4,0,0,0,-
2020-02-16,2020-02,サフィルヴァ北海道,8,,清水久雄,2,□,,□,,,0,0,0,,,-,0,0,0,-,0,-,4,0,0,0,0.0,0,0,0,-
2020-02-16,2020-02,サフィルヴァ北海道,10,,三浦拓,1,,□,,,,0,0,0,,,-,0,0,0,-,0,-,0,0,0,0,-,0,0,0,-
2020-02-16,2020-02,サフィルヴァ北海道,11,,十良澤太一,3,■,■,■,,,1,0,0,0.0,0.0,-,0,0,0,-,0,-,12,0,3,4,2.1,0,0,0,-
2020-02-16,2020-02,サフィルヴァ北海道,12,,白戸謙伸,1,,,□,,,0,0,0,,,-,0,0,0,-,0,-,2,0,1,0,-12.5,0,0,0,-
2020-02-16,2020-02,サフィルヴァ北海道,15,,河西孔明,0,,,,,,0,0,0,,,-,0,0,0,-,0,-,0,0,0,0,-,0,0,0,-
2020-02-16,2020-02,サフィルヴァ北海道,17,,森元貴哉,3,■,■,■,,,24,14,1,0.5833333333333334,0.5416666666666666,4.67,0,0,0,-,0,-,13,2,2,1,13.5,12,7,2,66.7
2020-02-16,2020-02,サフィルヴァ北海道,21,,柿崎充,2,□,,□,,,8,5,0,0.625,0.625,2.50,0,0,0,-,1,0.50,0,0,0,0,-,0,0,0,-
2020-02-16,2020-02,トヨタモビリティ東京スパークル,1,,岩阪健太郎,3,■,■,■,,,9,3,1,0.3333333333333333,0.2222222222222222,1.00,0,0,0,-,1,0.33,6,0,0,0,0.0,0,0,0,-
2020-02-16,2020-02,トヨタモビリティ東京スパークル,2,,為我井太也,3,■,■,■,,,2,1,0,0.5,0.5,0.33,0,0,0,-,1,0.33,9,1,4,1,2.8,0,0,0,-
2020-02-16,2020-02,トヨタモビリティ東京スパークル,4,,西河孝太,3,■,■,■,,,31,8,2,0.25806451612903225,0.1935483870967742,2.67,0,0,0,-,0,-,8,0,0,1,3.1,30,16,7,65.0
2020-02-16,2020-02,トヨタモビリティ東京スパークル,5,L,峰尾拓,3,●,●,●,,,0,0,0,,,-,0,0,0,-,0,-,0,0,0,0,-,15,11,2,80.0
2020-02-16,2020-02,トヨタモビリティ東京スパークル,6,,大貫智博,0,,,,,,0,0,0,,,-,0,0,0,-,0,-,0,0,0,0,-,0,0,0,-
2020-02-16,2020-02,トヨタモビリティ東京スパークル,8,,西片圭佑,3,□,□,■,,,18,6,0,0.3333333333333333,0.3333333333333333,2.00,2,0,0,0.0,1,0.33,10,0,1,0,-2.5,0,0,0,-
2020-02-16,2020-02,トヨタモビリティ東京スパークル,13,,田中湧朔,1,,□,,,,0,0,0,,,-,0,0,0,-,0,-,1,0,0,1,25.0,0,0,0,-
2020-02-16,2020-02,トヨタモビリティ東京スパークル,14,,岸海斗,3,■,■,■,,,9,5,1,0.5555555555555556,0.4444444444444444,1.67,0,0,0,-,2,0.67,12,0,2,1,-2.1,0,0,0,-
2020-02-16,2020-02,トヨタモビリティ東京スパークル,15,,新山駿,3,■,■,■,,,20,10,4,0.5,0.3,3.33,1,1,0,100.0,0,-,9,1,2,1,8.3,16,9,2,62.5
2020-02-16,2020-02,トヨタモビリティ東京スパークル,17,,筧颯斗,0,,,,,,0,0,0,,,-,0,0,0,-,0,-,0,0,0,0,-,0,0,0,-
2020-02-16,2020-02,トヨタモビリティ東京スパークル,18,,鈴木浩大,2,□,□,,,,0,0,0,,,-,0,0,0,-,0,-,1,0,1,0,-25.0,0,0,0,-
2020-02-16,2020-02,トヨタモビリティ東京スパークル,19,,二宮正夫,0,,,,,,0,0,0,,,-,0,0,0,-,0,-,0,0,0,0,-,0,0,0,-
2020-02-16,2020-02,トヨタモビリティ東京スパークル,21,,伊藤優介,2,■,■,,,,2,1,0,0.5,0.5,0.50,1,0,0,0.0,0,-,6,0,1,1,0.0,0,0,0,-
2020-02-16,2020-02,トヨタモビリティ東京スパークル,28,,槌尾健,2,□,,□,,,0,0,0,,,-,0,0,0,-,0,-,2,0,0,1,12.5,0,0,0,-
